Element1,Element2,Pair,Hmix_BCC_eV,Hmix_FCC_eV,Hmix_HCP_eV,Hmix_BCC_kJ_mol,Hmix_FCC_kJ_mol,Hmix_HCP_kJ_mol,avg mixing enthalpy in kJ per mole
Ag,Al,Ag-Al,-0.166522515,-0.08141137,-0.150562159,-16.06698148,-7.855003714,-14.52704108,-12.81634209
Ag,As,Ag-As,-0.197404989,-0.238782392,-0.335938743,-19.04668746,-23.03900033,-32.41316379,-24.83295052
Ag,Au,Ag-Au,-0.15359091,-0.176601266,-0.149682015,-14.81927117,-17.03943322,-14.44212011,-15.43360817
Ag,Bi,Ag-Bi,0.20426469,0.078820484,0.199710501,19.70854806,7.605021174,19.26913561,15.52756828
Ag,Cd,Ag-Cd,-0.309151816,-0.180755677,-0.193275303,-29.8286181,-17.440273,-18.64823328,-21.97237479
Ag,Co,Ag-Co,1.284060205,1.371290514,1.411563112,123.8929855,132.3094315,136.1951468,130.7991879
Ag,Cr,Ag-Cr,2.072801589,1.26117182,0.950917645,199.994966,121.6845919,91.74961229,137.8097234
Ag,Cu,Ag-Cu,0.405849799,0.414710629,0.422804973,39.15855582,40.01349602,40.79448153,39.98884445
Ag,Fe,Ag-Fe,1.338310985,0.972888974,0.97451929,129.1273904,93.86952341,94.02682503,105.6745796
Ag,Ga,Ag-Ga,-0.030768787,-0.026647921,-0.0514612,-2.968736923,-2.571133742,-4.965251379,-3.501707348
Ag,Ge,Ag-Ge,0.06062775,0.060958696,0.101206331,5.849689072,5.881620534,9.764927281,7.165412296
Ag,Hf,Ag-Hf,-0.06773666,0.151114616,0.305410485,-6.535594671,14.58034513,29.46763448,12.50412831
Ag,Hg,Ag-Hg,0.272890495,0.290212408,0.288664389,26.32993219,28.00124281,27.85188169,27.39435223
Ag,In,Ag-In,0.026101984,0.071513761,0.030651177,2.518458777,6.900029569,2.957389282,4.125292543
Ag,Ir,Ag-Ir,0.422715248,1.449614,1.296812139,40.78582438,139.8664997,125.1233601,101.9252281
Ag,Mg,Ag-Mg,-0.700694144,-0.594193132,-0.583009945,-67.6067127,-57.33092641,-56.25191277,-60.39651729
Ag,Mn,Ag-Mn,1.050109072,1.134962715,1.21980435,101.3201309,109.5072634,117.6932374,109.5068773
Ag,Mo,Ag-Mo,1.872589784,0.823201814,1.102823665,180.677462,79.42690689,106.4063163,122.1702284
Ag,Nb,Ag-Nb,1.221486774,0.462616479,0.694833608,117.8555667,44.63570824,67.04125686,76.51084393
Ag,Ni,Ag-Ni,0.847244776,0.948026537,0.906995769,81.7467003,91.4706628,87.51179513,86.90971941
Ag,Os,Ag-Os,0.867075687,2.269708725,2.354713204,83.66009251,218.993618,227.1953041,176.6163382
Ag,Pb,Ag-Pb,0.356861174,0.394609209,0.379952578,34.43187168,38.07400367,36.65985362,36.38857633
Ag,Pd,Ag-Pd,-0.135116575,-0.182889229,-0.197446965,-13.03676868,-17.64612942,-19.05073755,-16.57787855
Ag,Pt,Ag-Pt,0.101035175,0.090074541,0.092448845,9.748413212,8.690872738,8.919958242,9.119748064
Ag,Re,Ag-Re,1.811480394,1.87428178,2.1230204,174.7813017,180.8407148,204.8403451,186.8207872
Ag,Rh,Ag-Rh,0.411373746,0.871562981,0.82920433,39.69153577,84.09305058,80.00606171,67.93021602
Ag,Ru,Ag-Ru,0.720175444,1.663680784,1.717173022,69.48637255,160.5208061,165.6820229,131.8964005
Ag,Sb,Ag-Sb,0.072651466,-0.107647211,-0.013632746,7.009801423,-10.38637778,-1.315360157,-1.563978837
Ag,Sc,Ag-Sc,-0.713768696,-0.48278577,-0.47625536,-68.86821534,-46.58174917,-45.95166034,-53.80054161
Ag,Si,Ag-Si,0.222796196,0.255506085,0.051140951,21.49656675,24.65259148,4.934352069,17.02783677
Ag,Sn,Ag-Sn,0.148188907,0.121736081,0.147728063,14.29805712,11.74574719,14.25359234,13.43246555
Ag,Ta,Ag-Ta,1.429125246,0.872420244,0.864061245,137.8896353,84.17576384,83.369243,101.8115474
Ag,Te,Ag-Te,-0.29770584,-0.228523999,-0.195425589,-28.72424919,-22.04921572,-18.85570438,-23.2097231
Ag,Ti,Ag-Ti,0.178130196,0.22861254,0.336442844,17.18695255,22.05775865,32.46180217,23.90217112
Ag,V,Ag-V,1.372131375,0.801879899,0.927059097,132.3905622,77.36965467,89.44761222,99.73594304
Ag,W,Ag-W,2.418013501,1.198310646,1.4889608,233.3028548,115.6194101,143.662889,164.1950513
Ag,Y,Ag-Y,-0.746521705,-0.410828271,-0.46176568,-72.02840052,-39.63890543,-44.55361864,-52.07364153
Ag,Zn,Ag-Zn,-0.279026809,-0.165477011,-0.16059094,-26.92199651,-15.96610569,-15.49467145,-19.46092455
Ag,Zr,Ag-Zr,-0.053872013,0.048270894,0.15415252,-5.197859443,4.657433596,14.8734583,4.777677486
Al,As,Al-As,-0.829178245,-0.50772147,-1.059340393,-80.00354489,-48.98767866,-102.2108179,-77.06734716
Al,Au,Al-Au,-1.274662451,-0.862300626,-0.99957133,-122.98624,-83.19936911,-96.44397963,-100.8765296
Al,Bi,Al-Bi,0.324806189,0.507318266,0.462439989,31.33903556,48.94877541,44.61867954,41.63549684
Al,Cd,Al-Cd,0.28838467,0.483521379,0.534030228,27.82489294,46.65272463,51.52608807,42.00123521
Al,Co,Al-Co,-1.281251079,-0.886885288,-1.099970698,-123.621946,-85.57142851,-106.1310467,-105.1081404
Al,Cr,Al-Cr,-0.431756351,-0.552823721,-0.764429634,-41.65815835,-53.3393847,-73.75625312,-56.25126539
Al,Cu,Al-Cu,-0.58274479,-0.389048936,-0.52560255,-56.2263292,-37.53751889,-50.71294074,-48.15892961
Al,Fe,Al-Fe,-0.971352601,-0.940339374,-1.077772286,-93.72128599,-90.72896419,-103.9892255,-96.14649189
Al,Ga,Al-Ga,-0.017847974,0.121958491,0.123952164,-1.722067816,11.76720649,11.95956666,7.334901781
Al,Ge,Al-Ge,-0.046447923,0.05393088,0.004886944,-4.481543595,5.203539293,0.471518429,0.397838043
Al,Hf,Al-Hf,-1.387418286,-1.008178088,-0.844946944,-133.8655251,-97.27440555,-81.52499315,-104.2216413
Al,Hg,Al-Hg,0.412316452,0.672733451,0.550827153,39.78249311,64.90891577,53.14674509,52.61271799
Al,In,Al-In,0.49812765,0.621132942,0.50023171,48.06201567,59.93022314,48.26502662,52.08575514
Al,Ir,Al-Ir,-3.405008456,-2.009726852,-2.431890747,-328.5333986,-193.9091787,-234.6418056,-252.361461
Al,Mg,Al-Mg,0.022789285,0.085400702,0.100699444,2.198831912,8.239915817,9.716020068,6.718255932
Al,Mn,Al-Mn,-0.90005413,-0.56247982,-0.526610524,-86.84202875,-54.27105668,-50.81019543,-63.97442695
Al,Mo,Al-Mo,-0.842938845,-1.091949644,-1.138582782,-81.33124106,-105.3571326,-109.8565469,-98.84830686
Al,Nb,Al-Nb,-1.026333297,-1.353304974,-1.274666071,-99.02611716,-130.5740905,-122.9865893,-117.5289323
Al,Ni,Al-Ni,-2.000105981,-1.477993043,-1.771324004,-192.9809056,-142.6046612,-170.9067988,-168.8307885
Al,Os,Al-Os,-2.38429073,-0.837612494,-0.742941936,-230.0491017,-80.81732625,-71.68300532,-127.5164778
Al,Pb,Al-Pb,0.733368538,0.757033219,0.708726534,70.75931269,73.0426075,68.38172058,70.72788025
Al,Pd,Al-Pd,-2.968167715,-2.541342935,-2.806168209,-286.3846712,-245.2023371,-270.7540937,-267.447034
Al,Pt,Al-Pt,-3.554072165,-2.798235084,-3.262532612,-342.9158612,-269.9886635,-314.7865684,-309.2303644
Al,Re,Al-Re,-1.149956628,-0.39978109,-0.442938125,-110.9539562,-38.57301439,-42.73703559,-64.08800206
Al,Rh,Al-Rh,-3.36932648,-2.488012198,-2.793476246,-325.090611,-240.0567028,-269.5295054,-278.2256064
Al,Ru,Al-Ru,-2.546465314,-1.54395943,-1.422144702,-245.6965716,-148.9694505,-137.2161151,-177.2940458
Al,Sb,Al-Sb,0.01977386,0.10429676,-0.0621534,1.907887605,10.06310835,-5.996891931,1.991368008
Al,Sc,Al-Sc,-1.356389741,-1.006510336,-0.94605196,-130.8717254,-97.11349201,-91.28014502,-106.4217875
Al,Si,Al-Si,-0.274607617,-0.190472487,-0.129266574,-26.49560934,-18.37780272,-12.47232932,-19.11524713
Al,Sn,Al-Sn,0.411852637,0.463758667,0.483281964,39.73774176,44.74591271,46.62962459,43.70442635
Al,Ta,Al-Ta,-0.776833466,-1.018211641,-1.03101611,-74.95304111,-98.2424964,-99.47793992,-90.89115914
Al,Te,Al-Te,-1.346803193,-0.908853655,-0.88507984,-129.9467639,-87.69105391,-85.39722929,-101.0116824
Al,Ti,Al-Ti,-1.423308169,-1.171783669,-1.081970004,-137.3283726,-113.0599457,-104.3942437,-118.260854
Al,V,Al-V,-0.832714259,-0.980876024,-0.999009946,-80.34471838,-94.64015665,-96.38981433,-90.45822979
Al,W,Al-W,-0.307437289,-0.685887279,-0.758192934,-29.66319133,-66.17806729,-73.154503,-56.33192054
Al,Y,Al-Y,-1.142312608,-0.998930228,-0.764104891,-110.2164203,-96.38212264,-73.72492023,-93.4411544
Al,Zn,Al-Zn,0.000791653,0.048036923,0.182971659,0.076382861,4.6348588,17.6540827,7.455108122
Al,Zr,Al-Zr,-1.461876011,-1.163108956,-1.036936829,-141.049604,-112.2229631,-100.0492025,-117.7739232
As,Au,As-Au,-0.263336598,-0.191000672,-0.562406494,-25.40812114,-18.42876483,-54.26398177,-32.70028925
As,Bi,As-Bi,-0.332153376,-0.521971795,-0.842814249,-32.04793144,-50.36262611,-81.31921935,-54.5765923
As,Cd,As-Cd,-0.566317868,-0.474891217,-0.638477512,-54.64137199,-45.82004058,-61.60371988,-54.02171082
As,Co,As-Co,-0.801273405,-0.893386665,-0.915324906,-77.31113691,-86.19871612,-88.31543479,-83.94176261
As,Cr,As-Cr,-0.103151754,-0.887674205,-1.302990649,-9.952632032,-85.64754748,-125.7194958,-73.77322509
As,Cu,As-Cu,-0.243195212,-0.274924135,-0.346655932,-23.46477276,-26.52614864,-33.44721551,-27.8127123
As,Fe,As-Fe,-0.57648815,-0.63832881,-0.876749639,-55.62265516,-61.58937226,-84.59348699,-67.2685048
As,Ga,As-Ga,-0.601574289,-0.945579011,-0.887784219,-58.04309979,-91.2345124,-85.65816219,-78.31192479
As,Ge,As-Ge,-0.657075276,-0.540596938,-0.925667532,-63.39813143,-52.15967932,-89.3133466,-68.29038578
As,Hf,As-Hf,-3.109867766,-2.847475858,-2.979229445,-300.0566488,-274.7396763,-287.4519659,-287.416097
As,Hg,As-Hg,-0.237743495,-0.746101768,-0.552171077,-22.93876195,-71.98788271,-53.27641415,-49.4010196
As,In,As-In,-0.619578144,-0.668146258,-0.791024193,-59.78020786,-64.46631882,-76.32223816,-66.85625495
As,Ir,As-Ir,-1.487948501,-0.372711881,-0.947124772,-143.565217,-35.96123258,-91.3836557,-90.30336844
As,Mg,As-Mg,-1.925056984,-2.197393158,-2.075250961,-185.7397776,-212.0162259,-200.2312946,-199.3290994
As,Mn,As-Mn,-0.972275131,-0.710682575,-1.12611039,-93.81029661,-68.57044988,-108.6531439,-90.34463012
As,Mo,As-Mo,-0.279766464,-1.339099401,-1.389504109,-26.99336238,-129.203461,-134.0667764,-96.75453325
As,Nb,As-Nb,-1.607145021,-2.262804626,-2.369898846,-155.0659338,-218.3274737,-228.6604959,-200.6846345
As,Ni,As-Ni,-1.200374055,-0.909753516,-1.476573859,-115.8184988,-87.77787733,-142.4677308,-115.3547023
As,Os,As-Os,-1.109050638,0.707403221,0.554252426,-107.0071278,68.25404032,53.47723379,4.908048759
As,Pb,As-Pb,-0.492988074,-0.421495142,-0.615889127,-47.56612191,-40.66810213,-59.42427187,-49.21949864
As,Pd,As-Pd,-1.589313849,-1.592807796,-1.728078095,-153.3454871,-153.6826018,-166.7342025,-157.9207638
As,Pt,As-Pt,-1.392758374,-1.015420314,-1.533554782,-134.3807652,-97.97317422,-147.9655546,-126.7731647
As,Re,As-Re,-0.139075342,0.39415547,0.22898751,-13.41873171,38.03022454,22.09393776,15.56847686
As,Rh,As-Rh,-2.079464899,-1.483266589,-1.837034778,-200.6378778,-143.1134811,-177.2469251,-173.6660947
As,Ru,As-Ru,-1.627915164,-0.685781699,-0.957828366,-157.0699481,-66.16788037,-92.41639558,-105.2180747
As,Sb,As-Sb,-0.500848075,-0.89395967,-0.96568712,-48.3244968,-86.25400271,-93.17465011,-75.91771654
As,Sc,As-Sc,-4.144993915,-3.709544096,-4.218930612,-399.9311472,-357.9166234,-407.0649546,-388.3042417
As,Si,As-Si,-0.512690771,-1.105069437,-0.998546757,-49.46714338,-106.6230004,-96.3451234,-84.14508906
As,Sn,As-Sn,-0.546526865,-0.685343709,-0.781276215,-52.73183039,-66.12562076,-75.38170124,-64.74638413
As,Ta,As-Ta,-1.044668019,-1.677344947,-1.903022104,-100.795149,-161.8391976,-183.6137347,-148.7493604
As,Te,As-Te,-0.959399029,-1.058964119,-0.893480671,-92.56794148,-102.174513,-86.20778635,-93.65008029
As,Ti,As-Ti,-3.05375884,-2.775600088,-2.953738252,-294.64296,-267.8047181,-284.9924396,-282.4800392
As,V,As-V,-1.299469391,-1.835420968,-2.02188964,-125.379746,-177.0912161,-195.0827094,-165.8512238
As,W,As-W,0.519543309,-0.658035987,-0.671342079,50.12831279,-63.49082599,-64.77466872,-26.04572731
As,Y,As-Y,-4.376633324,-3.725232626,-4.636638049,-422.2809543,-359.4303365,-447.3675986,-409.6929631
As,Zn,As-Zn,-0.334945514,-0.737910185,-0.813671114,-32.31733178,-71.19751509,-78.50733406,-60.67406031
As,Zr,As-Zr,-3.425142766,-3.163762489,-3.316408071,-330.4760644,-305.2566994,-319.9847603,-318.572508
Au,Bi,Au-Bi,-0.0864155,-0.184799188,-0.1049737,-8.337828899,-17.83041244,-10.12842314,-12.09888816
Au,Cd,Au-Cd,-0.656097611,-0.456921156,-0.500856176,-63.30380109,-44.08619311,-48.32527846,-51.90509089
Au,Co,Au-Co,0.83684168,0.81286131,0.864803207,80.74295402,78.42919987,83.44083151,80.87099513
Au,Cr,Au-Cr,1.640019284,0.045264546,0.100979005,158.2378182,4.367365135,9.74299363,57.44939232
Au,Cu,Au-Cu,-0.008868174,-0.007880891,-0.001380349,-0.855648759,-0.760390472,-0.133183418,-0.583074217
Au,Fe,Au-Fe,0.652062164,0.267007694,0.262977879,62.91443957,25.76232811,25.37351004,38.01675924
Au,Ga,Au-Ga,-0.585467465,-0.376309512,-0.481047011,-56.48902742,-36.30835126,-46.41398444,-46.4037877
Au,Ge,Au-Ge,-0.152285149,-0.145083411,-0.197684758,-14.69328435,-13.99842226,-19.07368104,-15.92179589
Au,Hf,Au-Hf,-1.636826343,-1.304807626,-1.18298649,-157.9297462,-125.8948075,-114.1408537,-132.6551358
Au,Hg,Au-Hg,0.409166319,0.388314894,0.422732686,39.47855138,37.46669455,40.78750696,39.24425096
Au,In,Au-In,-0.295452256,-0.317150338,-0.45622335,-28.5068114,-30.60035814,-44.01886504,-34.37534486
Au,Ir,Au-Ir,0.356898826,1.35839165,1.268812902,34.4355046,131.0648802,122.4218443,95.97407636
Au,Mg,Au-Mg,-1.858482024,-1.626865143,-1.672210631,-179.3162699,-156.9686364,-161.3438113,-165.8762392
Au,Mn,Au-Mn,0.11255068,0.200598972,0.306314187,10.85949063,19.35486007,29.55482853,19.92305974
Au,Mo,Au-Mo,1.03516491,-0.026534629,0.150923251,99.8782383,-2.560202677,14.56188121,37.29330561
Au,Nb,Au-Nb,-0.056168415,-0.64880196,-0.560487593,-5.419428619,-62.5998777,-54.07883593,-40.69938075
Au,Ni,Au-Ni,0.45278832,0.527072056,0.482861592,43.687435,50.85472655,46.58906493,47.04374216
Au,Os,Au-Os,0.517933327,1.91791456,2.043631139,49.9729732,185.0506384,197.1804453,144.068019
Au,Pb,Au-Pb,-0.048344929,0.014006377,-0.06577078,-4.664576888,1.351410095,-6.34591607,-3.219694288
Au,Pd,Au-Pd,-0.199014603,-0.257236319,-0.252436598,-19.20199159,-24.81953367,-24.35643094,-22.79265207
Au,Pt,Au-Pt,0.213451181,0.229813274,0.220242306,20.5949098,22.17361185,21.2501538,21.33955848
Au,Re,Au-Re,1.346764384,1.368020748,1.488341069,129.9430195,131.9939469,143.6030941,135.1800202
Au,Rh,Au-Rh,0.253615801,0.635433586,0.633427467,24.47020681,61.31002562,61.11646457,48.96556567
Au,Ru,Au-Ru,0.683148263,1.192578229,1.297130938,65.91379238,115.0663159,125.1541195,102.0447426
Au,Sb,Au-Sb,-0.160809133,-0.270645831,-0.362540796,-15.51572382,-26.11335505,-34.97987199,-25.53631695
Au,Sc,Au-Sc,-2.446910725,-2.084474234,-2.134263061,-236.0910133,-201.1212052,-205.9250971,-214.3791052
Au,Si,Au-Si,-0.406028821,-0.132907834,-0.539400579,-39.17582887,-12.82365753,-52.04424824,-34.68124488
Au,Sn,Au-Sn,-0.245881485,-0.217046549,-0.330238037,-23.72395868,-20.94181005,-31.86312933,-25.50963269
Au,Ta,Au-Ta,0.127600283,-0.334156666,-0.382998889,12.31155664,-32.24121956,-36.953778,-18.96114697
Au,Te,Au-Te,-0.333944291,-0.349476028,-0.161665151,-32.22072848,-33.71931334,-15.59831708,-27.17945297
Au,Ti,Au-Ti,-1.277818684,-1.150568056,-1.019710484,-123.2907702,-111.0129501,-98.38711273,-110.8969443
Au,V,Au-V,0.28552904,-0.265659839,-0.122121524,27.5493665,-25.63227987,-11.78293674,-3.288616701
Au,W,Au-W,1.588602547,0.359326336,0.556094994,153.2768569,34.66972372,53.65501454,80.53386506
Au,Y,Au-Y,-2.527071876,-1.998400839,-2.326471011,-243.8253892,-192.8163844,-224.4703465,-220.3707067
Au,Zn,Au-Zn,-0.814791656,-0.601242016,-0.638193522,-78.61544998,-58.01104036,-61.576319,-66.06760312
Au,Zr,Au-Zr,-1.607556709,-1.36626074,-1.294439973,-155.1056556,-131.824132,-124.8944809,-137.2747562
Bi,Cd,Bi-Cd,0.020180706,-0.06779888,0.037563174,1.947142304,-6.541597988,3.624295591,-0.323386698
Bi,Co,Bi-Co,0.858861749,1.156653585,1.169887879,82.86756784,111.6001144,112.8770297,102.4482373
Bi,Cr,Bi-Cr,2.21573238,1.488242826,1.425241795,213.785692,143.5936151,137.5149392,164.9647488
Bi,Cu,Bi-Cu,0.745918241,0.562570495,0.519536582,71.97017512,54.27980548,50.1276638,58.79254814
Bi,Fe,Bi-Fe,1.034893806,0.907704459,0.61920959,99.85208076,87.58017332,59.74464782,82.39230063
Bi,Ga,Bi-Ga,0.116382006,-0.026545675,0.062015278,11.22915744,-2.561268478,5.983565135,4.883818033
Bi,Ge,Bi-Ge,-0.008147894,0.02000224,-0.025149829,-0.786152299,1.929922927,-2.426589778,-0.427606383
Bi,Hf,Bi-Hf,-0.523860373,-0.301836816,-0.27863959,-50.54484615,-29.12282784,-26.88463558,-35.51743652
Bi,Hg,Bi-Hg,0.1249025,-0.049667001,0.007433723,12.05126018,-4.792137502,0.717245243,2.658789307
Bi,In,Bi-In,-0.088843305,-0.126251364,-0.099805924,-8.57207649,-12.18140576,-9.629808487,-10.12776358
Bi,Ir,Bi-Ir,0.009586471,1.098042923,0.746935437,0.924953938,105.9450447,72.06831965,59.6461061
Bi,Mg,Bi-Mg,-0.513293725,-0.529550178,-0.527430276,-49.52531958,-51.09382892,-50.88928953,-50.50281268
Bi,Mn,Bi-Mn,1.237794023,1.23000558,1.181283266,119.4289771,118.6775066,113.9765176,117.3610004
Bi,Mo,Bi-Mo,1.362788085,1.095237108,0.672166491,131.4890717,105.6743247,64.85421244,100.6725363
Bi,Nb,Bi-Nb,0.986594371,0.11324541,0.256240892,95.19189335,10.92652189,24.72348963,43.61396829
Bi,Ni,Bi-Ni,0.378051991,0.603239774,0.338907194,36.47647491,58.20379467,32.69957582,42.45994847
Bi,Os,Bi-Os,0.662604939,2.66571186,2.151790195,63.9316628,257.2021152,207.6162086,176.2499955
Bi,Pb,Bi-Pb,-0.159208786,-0.140669125,-0.130433064,-15.36131387,-13.57250835,-12.5848785,-13.83956691
Bi,Pd,Bi-Pd,-0.804041812,-0.982519983,-0.85201262,-77.57824765,-94.79877457,-82.20672732,-84.86124985
Bi,Pt,Bi-Pt,-0.52468141,-0.361011501,-0.694589404,-50.62406424,-34.83231744,-67.01769478,-50.82469215
Bi,Re,Bi-Re,1.305467248,2.605344129,2.320647751,125.9584512,251.3775141,223.9084873,200.4148175
Bi,Rh,Bi-Rh,-0.300735092,0.201632974,-0.286885511,-29.01652765,19.45462603,-27.68024609,-12.41404924
Bi,Ru,Bi-Ru,0.336055425,1.268242255,1.301098604,32.42442194,122.3667852,125.5369412,93.44271609
Bi,Sb,Bi-Sb,-0.190420024,-0.231167491,-0.444885115,-18.37274073,-22.30427399,-42.92489158,-27.8673021
Bi,Sc,Bi-Sc,-1.939702081,-1.699195904,-1.81415109,-187.1528148,-163.9474945,-175.0389847,-175.3797647
Bi,Si,Bi-Si,-0.043186881,0.126410476,0.030535151,-4.166900921,12.19675778,2.94619445,3.65868377
Bi,Sn,Bi-Sn,-0.113761339,-0.061176731,-0.051662051,-10.97630145,-5.902657715,-4.98463058,-7.287863248
Bi,Ta,Bi-Ta,1.688862069,0.86320585,0.83079992,162.9504309,83.28670993,80.16001275,108.7990512
Bi,Te,Bi-Te,-1.004003206,-1.033542072,-0.683825666,-96.87159072,-99.72165827,-65.97915191,-87.52413363
Bi,Ti,Bi-Ti,-0.219562514,-0.093084076,-0.19925165,-21.18456379,-8.981248746,-19.2248632,-16.46355858
Bi,V,Bi-V,1.615166759,0.813561215,0.705930501,155.8399139,78.49673044,68.11194443,100.8161962
Bi,W,Bi-W,2.121900768,2.040812065,1.57998201,204.732317,196.908446,152.4451014,184.6952881
Bi,Y,Bi-Y,-2.564345699,-2.139622325,-2.353008895,-247.4217666,-206.4421875,-227.0308633,-226.9649391
Bi,Zn,Bi-Zn,0.233305166,0.192646326,0.185538309,22.51052829,18.58754629,17.9017268,19.66660046
Bi,Zr,Bi-Zr,-1.07397517,-0.811509835,-0.900996366,-103.6228594,-78.29880234,-86.93294074,-89.61820084
Cd,Co,Cd-Co,0.992412366,1.107009651,1.165459264,95.75324458,106.8102026,112.4497333,105.0043935
Cd,Cr,Cd-Cr,2.455354661,1.078672662,0.858809175,236.9057293,104.0760986,82.86249524,141.281441
Cd,Cu,Cd-Cu,0.248446254,0.36946986,0.359724747,23.97142126,35.64842506,34.70816457,31.4426703
Cd,Fe,Cd-Fe,1.08997987,0.847966752,0.785186297,105.1670784,81.81636042,75.75896688,87.58080188
Cd,Ga,Cd-Ga,0.057736303,0.125826849,0.173170038,5.570706777,12.14044628,16.70836995,11.47317434
Cd,Ge,Cd-Ge,0.01112717,0.091586986,0.14099518,1.073608781,8.836801508,13.60396788,7.838126056
Cd,Hf,Cd-Hf,-0.188608206,0.082347136,0.206730434,-18.19792691,7.945291439,19.94645619,3.231273574
Cd,Hg,Cd-Hg,0.062866093,0.079696542,0.134329955,6.065656309,7.689548,12.96087138,8.905358563
Cd,In,Cd-In,0.069385931,0.071331899,0.113797264,6.694725168,6.882482504,10.97976768,8.185658452
Cd,Ir,Cd-Ir,-0.235800811,0.754641743,0.698963252,-22.75132145,72.8118651,67.43970706,39.16675024
Cd,Mg,Cd-Mg,-0.365016508,-0.27794996,-0.276037331,-35.21874183,-26.81809639,-26.63355576,-29.55679799
Cd,Mn,Cd-Mn,0.962420667,1.134924957,1.137185015,92.85948533,109.5036204,109.7216828,104.0282628
Cd,Mo,Cd-Mo,1.398566357,0.569757626,0.817249065,134.9411505,54.97325829,78.8525539,89.58898757
Cd,Nb,Cd-Nb,0.809115385,0.155403486,0.415151159,78.06777302,14.99415821,40.0560007,44.37264398
Cd,Ni,Cd-Ni,0.388057175,0.524810147,0.453224236,37.44182847,50.63648552,43.72949453,43.93593617
Cd,Os,Cd-Os,0.454707394,1.940507827,2.147334901,43.87259749,187.2305575,207.186338,146.0964977
Cd,Pb,Cd-Pb,0.03036637,0.140589079,0.164163891,2.929909534,13.56478506,15.83940886,10.77803449
Cd,Pd,Cd-Pd,-1.235163901,-1.09967169,-1.17057826,-119.175209,-106.1021969,-112.9436414,-112.7403491
Cd,Pt,Cd-Pt,-0.967957129,-0.759877611,-0.886366595,-93.39367267,-73.31704968,-85.52138228,-84.07736821
Cd,Re,Cd-Re,1.475773572,1.907285102,2.013918064,142.3905149,184.0250516,194.3135691,173.5763785
Cd,Rh,Cd-Rh,-0.52741262,-0.050222336,-0.062162299,-50.88758596,-4.845719189,-5.99775053,-20.57701856
Cd,Ru,Cd-Ru,0.069187355,1.067482102,1.20726109,6.675565471,102.9963736,116.4829967,75.3849786
Cd,Sb,Cd-Sb,-0.110446425,-0.233544064,-0.251233516,-10.65646087,-22.5335784,-24.24035123,-19.1434635
Cd,Sc,Cd-Sc,-0.891745489,-0.617640314,-0.554948741,-86.04036668,-59.59323567,-53.54441798,-66.39267344
Cd,Si,Cd-Si,0.138414485,0.344047903,0.092824545,13.35496865,33.19557885,8.956207785,18.50225176
Cd,Sn,Cd-Sn,0.045677911,0.067016414,0.138867239,4.407248797,6.466101466,13.39865275,8.09066767
Cd,Ta,Cd-Ta,1.21195712,0.699865947,0.775084954,116.9360948,67.5268039,74.78433529,86.41574466
Cd,Te,Cd-Te,-1.405768359,-0.936431225,-1.012879155,-135.6360381,-90.35188513,-97.72798965,-107.9053043
Cd,Ti,Cd-Ti,-0.011274815,0.149323409,0.2091674,-1.087854359,14.40751986,20.18158771,11.1670844
Cd,V,Cd-V,1.171467075,0.722004842,0.828236019,113.029399,69.66288271,79.91263387,87.53497187
Cd,W,Cd-W,2.105951313,1.059143136,1.258075846,203.1934284,102.1917856,121.3858758,142.2570299
Cd,Y,Cd-Y,-1.033728586,-0.668052576,-0.63107743,-99.73965411,-64.45727996,-60.8897204,-75.02888482
Cd,Zn,Cd-Zn,0.152282254,0.235724375,0.245410046,14.69300503,22.74394647,23.67847175,20.37180775
Cd,Zr,Cd-Zr,-0.321321329,-0.185682124,-0.104405345,-31.00279765,-17.91560284,-10.07358521,-19.66399524
Co,Cr,Co-Cr,0.437518265,-0.233301187,-0.270735215,42.21409855,-22.5101444,-26.12197927,-2.139341704
Co,Cu,Co-Cu,0.413901199,0.475995461,0.47980732,39.93539789,45.92658392,46.2943724,44.05211807
Co,Fe,Co-Fe,-0.237880115,-0.149342169,0.089636643,-22.95194378,-14.40932993,8.648621928,-9.570883925
Co,Ga,Co-Ga,-0.389815809,-0.232293339,-0.284671369,-37.61151084,-22.41290177,-27.4666138,-29.16367547
Co,Ge,Co-Ge,-0.49452805,-0.078827656,-0.428898803,-47.71470704,-7.605713215,-41.38244678,-32.23428901
Co,Hf,Co-Hf,-0.753657545,-0.445399918,-0.419673477,-72.71690447,-42.97456248,-40.49233817,-52.06126837
Co,Hg,Co-Hg,1.338530821,1.634575764,1.672720556,129.1486014,157.7125983,161.3930116,149.4180704
Co,In,Co-In,0.75513201,0.950890227,1.036045821,72.85916873,91.7469669,99.96323332,88.18978965
Co,Ir,Co-Ir,-0.572468437,0.141256,-0.039248953,-55.23481183,13.62913319,-3.786948527,-15.13087572
Co,Mg,Co-Mg,0.516873079,0.591893169,0.775013894,49.87067474,57.10901363,74.77747904,60.58572247
Co,Mn,Co-Mn,-0.097318441,0.089569186,0.076549412,-9.389802892,8.642113389,7.385896092,2.212735529
Co,Mo,Co-Mo,0.454166137,-0.067727901,-0.175326165,43.82037419,-6.53474958,-16.91640464,6.789739991
Co,Nb,Co-Nb,0.007101896,-0.274075426,-0.231253431,0.685228874,-26.44426069,-22.31256594,-16.02386592
Co,Ni,Co-Ni,-0.021556641,-0.032817519,-0.065491599,-2.07989986,-3.166409455,-6.318979173,-3.855096162
Co,Os,Co-Os,-0.952655242,0.382805529,0.404633916,-91.91726498,36.9351216,39.04124098,-5.313634132
Co,Pb,Co-Pb,1.124697949,1.67367033,1.536756018,108.516864,161.4846508,148.2744268,139.4253139
Co,Pd,Co-Pd,0.230308221,1.016023569,0.994783828,22.22136703,98.03137948,95.98205582,72.07826744
Co,Pt,Co-Pt,-0.101106586,-0.22466741,-0.258330245,-9.755303351,-21.67711144,-24.92508152,-18.7858321
Co,Re,Co-Re,-0.262199957,0.258200425,0.190915032,-25.29845205,24.91255579,18.42050182,6.01153519
Co,Rh,Co-Rh,-0.18328757,0.565133058,0.575638069,-17.68456351,54.5270552,55.54063478,30.79437549
Co,Ru,Co-Ru,-0.52961275,0.495170896,0.400268515,-51.09986625,47.77673228,38.62004376,11.7656366
Co,Sb,Co-Sb,0.164132071,0.58518037,0.289222054,15.8363387,56.46132696,27.90568819,33.40111795
Co,Sc,Co-Sc,-0.449936491,-0.42920332,-0.304387908,-43.41227534,-41.41182826,-29.36897075,-38.06435811
Co,Si,Co-Si,-2.228965345,-1.774538027,-1.945013269,-215.0624792,-171.2169049,-187.6652665,-191.3148835
Co,Sn,Co-Sn,1.002360711,0.839334941,0.521397113,96.71311403,80.98351718,50.30717767,76.00126963
Co,Ta,Co-Ta,-0.178743048,-0.318799886,-0.426050314,-17.24608371,-30.75951542,-41.10760938,-29.70440284
Co,Te,Co-Te,-0.31524585,0.223891998,0.287409207,-30.41660302,21.6022955,27.7307751,6.305489195
Co,Ti,Co-Ti,-0.980362961,-0.680504444,-0.626406091,-94.59065364,-65.65870263,-60.43900469,-73.56278699
Co,V,Co-V,-0.399729591,-0.602418661,-0.598663534,-38.56804552,-58.12456935,-57.7622546,-51.48495649
Co,W,Co-W,0.52239822,-0.103167867,-0.217502804,50.40376987,-9.954186773,-20.98583197,6.487917043
Co,Y,Co-Y,0.156428979,0.097358628,0.124397211,15.0931032,9.393680276,12.00250722,12.1630969
Co,Zn,Co-Zn,-0.176545307,0.01840935,0.054755719,-17.03403402,1.776232394,5.283124141,-3.324892495
Co,Zr,Co-Zr,-0.337731204,-0.300915244,-0.212672446,-32.58611002,-29.0339096,-20.51977329,-27.37993097
Cr,Cu,Cr-Cu,1.12797539,0.328299094,0.503855396,108.833089,31.67604968,48.61465922,63.04126597
Cr,Fe,Cr-Fe,0.327295982,-0.368112286,-0.355786823,31.57926415,-35.5174391,-34.32821254,-12.75546249
Cr,Ga,Cr-Ga,0.28099574,-0.233501367,-0.43338121,27.11196951,-22.52945883,-41.8149334,-12.41080757
Cr,Ge,Cr-Ge,0.178340224,-0.360170061,-0.485569268,17.20721712,-34.75113082,-46.85031587,-21.46474319
Cr,Hf,Cr-Hf,0.656980909,0.298061624,0.48120742,63.38902635,28.75857711,46.42946153,46.192355
Cr,Hg,Cr-Hg,2.66510397,1.519693227,1.825840653,257.1434627,146.6281178,176.1668561,193.3128122
Cr,In,Cr-In,2.302637934,0.964526219,0.866350966,222.1708039,93.06264016,83.59016754,132.9412039
Cr,Ir,Cr-Ir,-0.930123076,-0.99944662,-1.289429841,-89.74324125,-96.43194694,-124.4110766,-103.5287549
Cr,Mg,Cr-Mg,1.772315776,1.027502394,1.087797633,171.0024903,99.13891781,104.9565244,125.0326442
Cr,Mn,Cr-Mn,-0.089573426,-0.146299027,-0.147673998,-8.642522487,-14.11571141,-14.24837586,-12.33553658
Cr,Mo,Cr-Mo,0.37548811,-0.277440516,-0.296514534,36.22909796,-26.76894254,-28.6093056,-6.383050062
Cr,Nb,Cr-Nb,0.525187925,-0.220611735,-0.030786167,50.67293551,-21.28579826,-2.970413839,8.80557447
Cr,Ni,Cr-Ni,0.229752397,-0.394549621,-0.363619171,22.16773819,-38.06825435,-35.08391937,-16.99481184
Cr,Os,Cr-Os,-1.058998325,-0.443813392,-0.330623416,-102.1778134,-42.82148607,-31.90031273,-58.96653742
Cr,Pb,Cr-Pb,2.829353687,1.926720872,2.127949138,272.9911525,185.9003185,205.315896,221.4024557
Cr,Pd,Cr-Pd,0.61932662,-0.31431917,-0.536585646,59.7559395,-30.32719199,-51.77264852,-7.447967001
Cr,Pt,Cr-Pt,-0.292899208,-1.142747302,-1.295899349,-28.26047962,-110.258362,-125.0352893,-87.85137697
Cr,Re,Cr-Re,-0.226644822,-0.082333812,0.103937075,-21.86790276,-7.944005893,10.02840402,-6.594501544
Cr,Rh,Cr-Rh,-0.400015051,-0.64106854,-0.83677086,-38.59558822,-61.85371605,-80.73612093,-60.39514173
Cr,Ru,Cr-Ru,-0.595492679,-0.339950075,-0.259671243,-57.45631358,-32.80019857,-25.05446812,-38.43699342
Cr,Sb,Cr-Sb,1.419782872,0.266632061,0.060063537,136.9882332,25.72608508,5.795250837,56.16985637
Cr,Sc,Cr-Sc,1.147697109,0.403071734,0.682895741,110.7359458,38.89051328,65.88942778,71.83862894
Cr,Si,Cr-Si,-1.41425274,-1.908528517,-1.852995488,-136.4546565,-184.1450229,-178.7868996,-166.462193
Cr,Sn,Cr-Sn,1.874877696,0.743091402,0.636938595,180.898212,71.69742662,61.4552369,104.6836252
Cr,Ta,Cr-Ta,0.408193815,-0.206165738,-0.094653516,39.38471903,-19.89197128,-9.132676698,3.453357017
Cr,Te,Cr-Te,0.30362113,-0.666246514,-0.348464554,29.29498796,-64.2830214,-33.62172095,-22.86991813
Cr,Ti,Cr-Ti,0.058996271,-0.095523719,-0.053161737,5.69227529,-9.216638482,-5.129328318,-2.884563836
Cr,V,Cr-V,-0.221820687,-0.499016811,-0.570703116,-21.40244445,-48.1478067,-55.06448421,-41.53824512
Cr,W,Cr-W,0.405750259,-0.292551564,-0.209087025,39.14895167,-28.2269371,-20.1738327,-3.083939374
Cr,Y,Cr-Y,1.957815992,1.239182006,1.342095906,188.9005417,119.5628972,129.4925798,145.9853396
Cr,Zn,Cr-Zn,0.570979112,-0.045913659,0.186474053,55.0911138,-4.429994975,17.99201236,22.88437706
Cr,Zr,Cr-Zr,1.066568521,0.458711032,0.518454238,102.9082264,44.25888993,50.02323338,65.73011657
Cu,Fe,Cu-Fe,0.543836771,0.216000967,0.209131891,52.47227578,20.84092679,20.17816163,31.16378807
Cu,Ga,Cu-Ga,-0.116992415,-0.024405183,-0.08237676,-11.28805294,-2.354742331,-7.948149697,-7.196981656
Cu,Ge,Cu-Ge,0.056255869,0.066962208,0.105317317,5.427866623,6.460871358,10.16157719,7.350105056
Cu,Hf,Cu-Hf,-0.177016372,0.114833617,0.205942696,-17.07948489,11.07976063,19.87045107,4.623575603
Cu,Hg,Cu-Hg,0.903505966,0.827237334,0.798457435,87.17508035,79.81627541,77.03943709,81.34359761
Cu,In,Cu-In,0.670980977,0.454471524,0.332694726,64.73982775,43.84983949,32.10016378,46.89661034
Cu,Ir,Cu-Ir,-0.643494859,0.422970549,0.311140194,-62.08782023,40.81045721,30.02046738,2.914368118
Cu,Mg,Cu-Mg,-0.085751948,0.029906084,0.018717206,-8.27380581,2.885498659,1.805936009,-1.194123714
Cu,Mn,Cu-Mn,0.427335889,0.604153256,0.508933752,41.23164852,58.29193234,49.10464615,49.54274234
Cu,Mo,Cu-Mo,1.035630264,0.291426639,0.240752657,99.92313811,28.11839832,23.22910201,50.42354615
Cu,Nb,Cu-Nb,0.624346546,0.16779259,0.150529533,60.24028879,16.1895251,14.52389312,30.31790234
Cu,Ni,Cu-Ni,0.057977606,0.096570049,0.086485676,5.593989051,9.317593987,8.344599878,7.752060972
Cu,Os,Cu-Os,-0.485242519,1.11790554,1.070129998,-46.8187894,107.8614961,103.2518567,54.76485445
Cu,Pb,Cu-Pb,1.034765386,0.895042425,0.870262669,99.83969011,86.35847269,83.96758948,90.05525076
Cu,Pd,Cu-Pd,-0.335199785,-0.330682621,-0.34911492,-32.34186522,-31.90602514,-33.68447176,-32.64412071
Cu,Pt,Cu-Pt,-0.4073138,-0.421203752,-0.41559302,-39.29981048,-40.63998727,-40.09863384,-40.01281053
Cu,Re,Cu-Re,0.55672686,0.934684637,0.923379949,53.71598037,90.18336504,89.0926283,77.66399124
Cu,Rh,Cu-Rh,-0.272950062,0.190526596,0.182761011,-26.33567958,18.38302342,17.63375831,3.227034048
Cu,Ru,Cu-Ru,-0.290223591,0.772998971,0.733966806,-28.00232188,74.58306856,70.81703685,39.13259451
Cu,Sb,Cu-Sb,0.260979464,0.10614852,0.127624901,25.18069229,10.24177604,12.31393199,15.91213344
Cu,Sc,Cu-Sc,-0.424738054,-0.288919449,-0.183326587,-40.98099553,-27.87649125,-17.68832813,-28.84860497
Cu,Si,Cu-Si,-0.273878626,-0.354199745,-0.273166072,-26.42527237,-34.17508282,-26.35652138,-28.98562553
Cu,Sn,Cu-Sn,0.533857901,0.424456595,0.338708895,51.50946111,40.95383888,32.6804429,41.71458096
Cu,Ta,Cu-Ta,0.66886821,0.384728056,0.242875051,64.53597666,37.12061731,23.4338819,41.69682529
Cu,Te,Cu-Te,-0.37193374,-0.318796955,0.007937901,-35.88615336,-30.75923259,0.765891101,-21.95983162
Cu,Ti,Cu-Ti,-0.200100297,-0.044290256,0.065869539,-19.30674524,-4.273360433,6.355444842,-5.74155361
Cu,V,Cu-V,0.595021542,0.184630399,0.226834901,57.41085584,17.8141268,21.88624257,32.3704084
Cu,W,Cu-W,1.391160559,0.530886667,0.447813896,134.2265995,51.22278062,43.20747604,76.21895205
Cu,Y,Cu-Y,-0.116672823,-0.212811892,-0.18399256,-11.25721695,-20.5332278,-17.75258471,-16.51434315
Cu,Zn,Cu-Zn,-0.40952889,-0.268928838,-0.268838639,-39.51353419,-25.94769032,-25.93898746,-30.46673733
Cu,Zr,Cu-Zr,-0.055912363,0.012518284,0.137619261,-5.394723306,1.207830864,13.27824121,3.03044959
Fe,Ga,Fe-Ga,-0.229361358,-0.360965259,-0.532460963,-22.13000856,-34.82785572,-51.374677,-36.11084709
Fe,Ge,Fe-Ge,-0.119366586,-0.295887019,-0.58471414,-11.51712566,-28.54875961,-56.4163426,-32.16074262
Fe,Hf,Fe-Hf,-0.079277751,-0.083092189,-0.20387502,-7.649140784,-8.017178083,-19.67095062,-11.77908983
Fe,Hg,Fe-Hg,1.726041965,1.311780649,1.190379562,166.5377458,126.5676019,114.8541768,135.9865082
Fe,In,Fe-In,1.2150993,0.835319619,0.596746235,117.2392691,80.59609742,57.57726338,85.1375433
Fe,Ir,Fe-Ir,-0.959850995,-0.306541109,-0.541158836,-92.6115496,-29.5767231,-52.21389431,-58.13405567
Fe,Mg,Fe-Mg,0.870780889,0.617543971,0.563595521,84.01759012,59.58394003,54.37870549,65.99341188
Fe,Mn,Fe-Mn,0.043401867,-0.155218783,-0.26372482,4.187643942,-14.976337,-25.44557892,-12.07809066
Fe,Mo,Fe-Mo,0.525432522,-0.167392799,-0.211629546,50.69653558,-16.1509511,-20.41914872,4.708811919
Fe,Nb,Fe-Nb,0.23124036,-0.213503012,-0.241952282,22.31130476,-20.59991075,-23.34484824,-7.211151412
Fe,Ni,Fe-Ni,-0.13223495,-0.331049326,-0.432147479,-12.75873411,-31.9414068,-41.69589642,-28.79867911
Fe,Os,Fe-Os,-1.047706114,0.044146599,0.021745367,-101.0882806,4.25949959,2.098109177,-31.57689061
Fe,Pb,Fe-Pb,1.354419212,1.498913182,1.174974023,130.6815982,144.623148,113.3677681,129.5575048
Fe,Pd,Fe-Pd,-0.036653271,-0.361763224,-0.484801758,-3.536503339,-34.90484764,-46.7762624,-28.40587113
Fe,Pt,Fe-Pt,-0.497277111,-0.822728788,-0.976344086,-47.97995115,-79.38126679,-94.20289112,-73.85470302
Fe,Re,Fe-Re,-0.150704194,0.059472097,-0.047021792,-14.54074537,5.738185548,-4.536913637,-4.446491154
Fe,Rh,Fe-Rh,-0.476387616,-0.220720568,-0.341884595,-45.96442113,-21.296299,-32.98685139,-33.41585717
Fe,Ru,Fe-Ru,-0.610506932,0.076469269,0.13781862,-58.90496895,7.378163395,13.29747641,-12.74310972
Fe,Sb,Fe-Sb,0.352561034,0.165082661,-0.156984844,34.01697121,15.9280567,-15.14673602,11.59943063
Fe,Sc,Fe-Sc,0.225468674,-0.197185065,-0.026160399,21.75442165,-19.02546804,-2.524094968,0.068286213
Fe,Si,Fe-Si,-1.675660606,-1.816774006,-1.998386988,-161.6766833,-175.2920577,-192.8150479,-176.5945963
Fe,Sn,Fe-Sn,1.149936049,0.622784054,0.490390778,110.9519706,60.08953117,47.3155209,72.78567424
Fe,Ta,Fe-Ta,0.072448995,-0.232129053,-0.371774076,6.990265915,-22.39705055,-35.87074815,-17.09251093
Fe,Te,Fe-Te,-0.069612784,0.056978691,-0.280329918,-6.716613108,5.497608398,-27.0477274,-9.422244038
Fe,Ti,Fe-Ti,-0.657530391,-0.536610274,-0.543997726,-63.44204336,-51.77502471,-52.48780558,-55.90162455
Fe,V,Fe-V,-0.430827081,-0.591228132,-0.648797005,-41.56849742,-57.04484738,-62.59939962,-53.73758147
Fe,W,Fe-W,0.600309231,-0.198236648,-0.249689075,57.92104028,-19.12693033,-24.0913353,4.900924884
Fe,Y,Fe-Y,1.058271317,0.286142605,0.515261054,102.1076679,27.60856653,49.71513796,59.81045746
Fe,Zn,Fe-Zn,-0.016745285,-0.196834186,-0.176847106,-1.615674517,-18.99161338,-17.06315317,-12.55681369
Fe,Zr,Fe-Zr,0.243580626,-0.093594039,-0.00807999,23.50195954,-9.030452651,-0.779600582,4.563968769
Ga,Ge,Ga-Ge,-0.04107035,-0.023840967,0.004818815,-3.962686684,-2.300303855,0.464945004,-1.932681845
Ga,Hf,Ga-Hf,-1.509511001,-1.183637968,-0.91939662,-145.6456822,-114.2037117,-88.70829548,-116.1858965
Ga,Hg,Ga-Hg,0.232802819,0.267152631,0.29838502,22.46205912,25.77631246,28.78978011,25.67605056
Ga,In,Ga-In,0.085516015,0.134881477,0.150079535,8.251041783,13.01408522,14.48047496,11.91520065
Ga,Ir,Ga-Ir,-1.608648343,-0.642082107,-0.952840394,-155.2109823,-61.95151045,-91.93512936,-103.0325407
Ga,Mg,Ga-Mg,-0.391119295,-0.381760654,-0.31555505,-37.73727816,-36.83430648,-30.44643629,-35.00600697
Ga,Mn,Ga-Mn,-0.246725801,-0.093262744,-0.079305685,-23.80542282,-8.99848754,-7.651835981,-13.48524878
Ga,Mo,Ga-Mo,-0.123152219,-0.690976766,-0.746641509,-11.8823837,-66.66912822,-72.03995983,-50.19715725
Ga,Nb,Ga-Nb,-0.814254079,-1.237722652,-1.155622832,-78.56358163,-119.422091,-111.5006619,-103.1621115
Ga,Ni,Ga-Ni,-1.119837885,-0.764100016,-0.971199409,-108.0479391,-73.72444986,-93.70650516,-91.82629803
Ga,Os,Ga-Os,-1.055740374,0.369190725,0.551995416,-101.8634689,35.62149263,53.25946542,-4.327503624
Ga,Pb,Ga-Pb,0.229224884,0.232965121,0.255654764,22.11684085,22.47771893,24.6669368,23.08716553
Ga,Pd,Ga-Pd,-2.019476778,-1.791650474,-1.954812608,-194.8499035,-172.8680051,-188.6107591,-185.4428892
Ga,Pt,Ga-Pt,-2.055721088,-1.532336186,-1.897739596,-198.3469481,-147.8479779,-183.1040502,-176.4329921
Ga,Re,Ga-Re,-0.018219317,0.514358833,0.532948286,-1.757897044,49.62808684,51.4216966,33.09729546
Ga,Rh,Ga-Rh,-2.17973244,-1.522951667,-1.706247678,-210.3122256,-146.9425094,-164.6278873,-173.9608741
Ga,Ru,Ga-Ru,-1.496420375,-0.64547,-0.457185872,-144.3826287,-62.27839241,-44.11173435,-83.59091848
Ga,Sb,Ga-Sb,-0.079159976,-0.189915972,-0.317365111,-7.637777223,-18.32410718,-30.62108066,-18.86098835
Ga,Sc,Ga-Sc,-1.757880902,-1.475384303,-1.649230375,-169.6097366,-142.3529561,-159.1265535,-157.0297487
Ga,Si,Ga-Si,0.022594655,-0.03514326,-0.157444111,2.18005297,-3.39080939,-15.1910486,-5.467268342
Ga,Sn,Ga-Sn,0.099141509,0.062508618,0.108313367,9.56570218,6.031165212,10.45065209,8.682506494
Ga,Ta,Ga-Ta,-0.437776915,-0.797696716,-0.788444884,-42.23905449,-76.96603888,-76.07337268,-65.09282202
Ga,Te,Ga-Te,-1.21280316,-1.218281175,-0.664917295,-117.0177252,-117.5462734,-64.15477128,-99.5729233
Ga,Ti,Ga-Ti,-1.526658841,-1.31025914,-1.077560055,-147.3001974,-126.4207986,-103.9687483,-125.8965814
Ga,V,Ga-V,-0.580377596,-0.84639427,-0.940307114,-55.9979297,-81.66463892,-90.72585157,-76.1294734
Ga,W,Ga-W,0.595633991,-0.111447094,-0.190794392,57.46994816,-10.75301073,-18.40886183,9.436025199
Ga,Y,Ga-Y,-1.722431958,-1.400772689,-1.555456064,-166.189433,-135.1540291,-150.0787072,-150.4740564
Ga,Zn,Ga-Zn,0.053794795,0.078920841,0.185733887,5.190409086,7.614704201,17.92059728,10.24190352
Ga,Zr,Ga-Zr,-1.680842925,-1.402006654,-1.232426952,-162.1767011,-135.2730887,-118.9111335,-138.7869744
Ge,Hf,Ge-Hf,-2.322671686,-1.799550185,-2.006941454,-224.1037674,-173.6302114,-193.6404285,-197.1248024
Ge,Hg,Ge-Hg,0.388048012,0.219088593,0.114292759,37.44094442,21.13883734,11.02757569,23.20245248
Ge,In,Ge-In,0.053731496,0.051604604,0.050331451,5.184301684,4.979087738,4.856247187,5.006545536
Ge,Ir,Ge-Ir,-1.292720446,-0.165039175,-0.753343321,-124.7285718,-15.92386091,-72.68658649,-71.11300639
Ge,Mg,Ge-Mg,-0.725748562,-0.652738956,-0.819255371,-70.02409681,-62.97974013,-79.04613304,-70.68332332
Ge,Mn,Ge-Mn,-0.581654564,-0.16855224,-0.349164531,-56.12113835,-16.26282018,-33.68925851,-35.35773901
Ge,Mo,Ge-Mo,-0.184716869,-0.76961654,-0.848204134,-17.82246989,-74.25671353,-81.83926423,-57.97281588
Ge,Nb,Ge-Nb,-1.33867134,-1.516645859,-1.596570336,-129.1621594,-146.3340913,-154.0456317,-143.1806275
Ge,Ni,Ge-Ni,-1.018308111,-0.635020692,-1.0271575,-98.25180434,-61.27018742,-99.10564062,-86.20921079
Ge,Os,Ge-Os,-0.841932579,0.65760106,0.736889035,-81.23415112,63.44886186,71.09898908,17.77123327
Ge,Pb,Ge-Pb,0.128879189,0.15910323,0.160728147,12.43495235,15.35112924,15.50790996,14.43133052
Ge,Pd,Ge-Pd,-1.818592494,-1.500807508,-1.766448401,-175.4675151,-144.8059226,-170.4363746,-163.5699374
Ge,Pt,Ge-Pt,-1.268159911,-1.175141409,-1.556566716,-122.3588402,-113.3839184,-150.1858689,-128.6428758
Ge,Re,Ge-Re,0.066854457,0.650567208,0.607919782,6.450475062,62.77019821,58.65534691,42.62534006
Ge,Rh,Ge-Rh,-2.226493006,-1.289257577,-1.842038751,-214.8239347,-124.3944557,-177.7297352,-172.3160419
Ge,Ru,Ge-Ru,-1.365621567,-0.497513604,-0.539298797,-131.7624613,-48.00276921,-52.03442784,-77.26655277
Ge,Sb,Ge-Sb,-0.224880616,-0.173318436,-0.270484971,-21.69768272,-16.72268825,-26.09783442,-21.50606846
Ge,Sc,Ge-Sc,-2.868754853,-2.304808876,-2.958330629,-276.7927873,-222.3802681,-285.4355365,-261.5361973
Ge,Si,Ge-Si,-0.114018916,-0.1598214,-0.399332189,-11.0011539,-15.42042212,-38.529702,-21.65042601
Ge,Sn,Ge-Sn,0.023448901,0.04048531,-0.154694975,2.26247521,3.9062389,-14.92579726,-2.919027716
Ge,Ta,Ge-Ta,-0.881448801,-0.98957836,-1.169428471,-85.04688728,-95.47980452,-112.8327037,-97.78646515
Ge,Te,Ge-Te,-0.929191426,-0.845370997,-0.600754682,-89.65335069,-81.56590812,-57.9640198,-76.3944262
Ge,Ti,Ge-Ti,-2.333167133,-1.89093928,-2.103770743,-225.1164241,-182.4479194,-202.9830354,-203.5157929
Ge,V,Ge-V,-1.090886094,-1.08021903,-1.343856696,-105.2545157,-104.2253004,-129.6624702,-113.0474288
Ge,W,Ge-W,0.779405774,-0.139736241,-0.202706888,75.20123108,-13.48249875,-19.55824296,14.05349646
Ge,Y,Ge-Y,-2.953906056,-2.142518748,-3.03139908,-285.0086302,-206.7216498,-292.4855709,-261.4052836
Ge,Zn,Ge-Zn,-0.034603434,0.083383846,0.147851551,-3.338724071,8.045318756,14.26550719,6.324033959
Ge,Zr,Ge-Zr,-2.554594618,-2.026736383,-2.453445066,-246.4809302,-195.550349,-236.7214814,-226.2509202
Hf,Hg,Hf-Hg,-0.126638095,0.043015087,0.247339531,-12.21871965,4.150325343,23.86463877,5.265414819
Hf,In,Hf-In,-0.580357428,-0.453499919,-0.208707494,-55.99598371,-43.75609385,-20.1372135,-39.96309702
Hf,Ir,Hf-Ir,-3.875830019,-2.277059584,-2.461544714,-373.9607771,-219.7028681,-237.5029786,-277.0555413
Hf,Mg,Hf-Mg,0.158848879,0.322971974,0.47534149,15.32658807,31.1620607,45.86348528,30.78404468
Hf,Mn,Hf-Mn,-0.027917631,0.45355352,0.362128175,-2.693642143,43.76126559,34.94006009,25.33589451
Hf,Mo,Hf-Mo,-0.322025751,-0.225047684,-0.226168974,-31.0707641,-21.71380228,-21.82199033,-24.86885224
Hf,Nb,Hf-Nb,-0.13492374,-0.064361546,-0.048906384,-13.01816293,-6.209945673,-4.718749064,-7.982285888
Hf,Ni,Hf-Ni,-1.241640395,-0.813233631,-0.8589956,-119.8000957,-78.46512341,-82.88048252,-93.71523387
Hf,Os,Hf-Os,-2.516735395,-0.914247154,-0.489963978,-242.8280703,-88.21144747,-47.27434096,-126.1046196
Hf,Pb,Hf-Pb,0.056986755,0.288951014,0.462217442,5.498386432,27.87953681,44.59720709,25.99171011
Hf,Pd,Hf-Pd,-2.445089974,-2.045260655,-1.944589716,-235.9153374,-197.3376697,-187.6243999,-206.9591357
Hf,Pt,Hf-Pt,-3.679268265,-3.058981456,-3.051481489,-354.9954495,-295.1468659,-294.4232289,-314.8551814
Hf,Re,Hf-Re,-1.344691901,-0.126190734,0.18579676,-129.7430553,-12.17555585,17.92666356,-41.33064919
Hf,Rh,Hf-Rh,-3.270290205,-2.235767398,-2.321539098,-315.5350623,-215.7187775,-223.9944891,-251.749443
Hf,Ru,Hf-Ru,-2.417593496,-1.182240026,-1.000188056,-233.2623305,-114.0688309,-96.50348467,-147.944882
Hf,Sb,Hf-Sb,-1.764351895,-1.490453689,-1.490691891,-170.2340925,-143.8069309,-143.829914,-152.6236458
Hf,Sc,Hf-Sc,-0.132313479,0.028759716,0.011241856,-12.76631098,2.774891001,1.084674323,-2.96891522
Hf,Si,Hf-Si,-2.815082529,-2.204528179,-2.552045924,-271.6141949,-212.7046509,-246.2350186,-243.5179548
Hf,Sn,Hf-Sn,-1.228203274,-0.916180087,-0.65576264,-118.5036105,-88.39794724,-63.27148128,-90.05767966
Hf,Ta,Hf-Ta,0.049772896,0.176715254,0.090036494,4.802354817,17.05043134,8.687201712,10.17999596
Hf,Te,Hf-Te,-1.935472193,-1.841530389,-2.298626556,-186.7446926,-177.6806857,-221.7837648,-195.4030477
Hf,Ti,Hf-Ti,-0.178017089,0.128497864,0.139975685,-17.17603933,12.39816007,13.50560156,2.909240766
Hf,V,Hf-V,0.328733739,0.346228789,0.499490214,31.71798655,33.4060024,48.1934831,37.77249068
Hf,W,Hf-W,0.023461598,0.081593109,-0.005237687,2.263700212,7.872538839,-0.505360059,3.210292997
Hf,Y,Hf-Y,0.137083348,0.486156674,0.490628034,13.22653339,46.90699196,47.33841265,35.82397933
Hf,Zn,Hf-Zn,-0.649647466,-0.319683058,-0.115942612,-62.68145666,-30.8447285,-11.18676239,-34.90431585
Hf,Zr,Hf-Zr,-0.15258072,-0.001078709,0.003226112,-14.72180265,-0.104079581,0.311272561,-4.838203222
Hg,In,Hg-In,0.070298384,0.011656721,0.068261026,6.782763458,1.124702713,6.586188326,4.831218166
Hg,Ir,Hg-Ir,0.845927033,1.990862805,1.953703019,81.61955735,192.0890746,188.5037,154.0707773
Hg,Mg,Hg-Mg,-0.547985889,-0.494603595,-0.461877289,-52.87260479,-47.72199603,-44.56438724,-48.38632935
Hg,Mn,Hg-Mn,1.349672546,1.426329782,1.458719836,130.2236145,137.619914,140.7450794,136.1962026
Hg,Mo,Hg-Mo,2.083364121,1.087937613,1.231056251,201.0140956,104.9700304,118.778881,141.587669
Hg,Nb,Hg-Nb,1.10151102,0.449993159,0.618872069,106.2796653,43.41774292,59.71208197,69.80316339
Hg,Ni,Hg-Ni,1.167877855,1.170034645,1.06829695,112.6830919,112.8911905,103.0749944,109.549759
Hg,Os,Hg-Os,1.357461165,2.972516706,3.218194793,130.975102,286.8042851,310.5086187,242.7626686
Hg,Pb,Hg-Pb,0.028615135,0.102663757,0.110168786,2.76094103,9.905547548,10.6296728,7.765387125
Hg,Pd,Hg-Pd,-0.272132439,-0.224803967,-0.28654639,-26.25679088,-21.69028724,-27.64752586,-25.19820133
Hg,Pt,Hg-Pt,0.404966332,0.495593304,0.392591817,39.07331428,47.81748841,37.87935499,41.59005256
Hg,Re,Hg-Re,2.554780005,2.806476826,2.194357374,246.4988174,270.7838708,211.7233173,243.0020018
Hg,Rh,Hg-Rh,0.520066942,0.9215048,0.905042893,50.17883577,88.91170394,87.3233712,75.47130364
Hg,Ru,Hg-Ru,0.898782679,1.919065254,2.076707619,86.71935235,185.1616635,200.3718407,157.4176188
Hg,Sb,Hg-Sb,-0.008718068,-0.177891232,-0.097919636,-0.841165707,-17.16389605,-9.447809396,-9.150957051
Hg,Sc,Hg-Sc,-1.112236364,-0.926436231,-0.81543168,-107.3145037,-89.38751476,-78.67720289,-91.79307379
Hg,Si,Hg-Si,0.305380576,0.529288284,0.180384758,29.46474873,51.06856002,17.40448466,32.64593113
Hg,Sn,Hg-Sn,0.149127076,0.1385242,0.184803259,14.38857666,13.36555454,17.83080525,15.19497881
Hg,Ta,Hg-Ta,1.595946913,1.027293561,1.055541107,153.9854805,99.11876854,101.8442426,118.3161639
Hg,Te,Hg-Te,-0.220962966,-0.432444461,-0.055223445,-21.31968693,-41.72455087,-5.328252867,-22.79083022
Hg,Ti,Hg-Ti,0.08290708,0.200749691,0.280660646,7.999317802,19.36940222,27.07963788,18.14945263
Hg,V,Hg-V,1.584998316,0.980815084,0.978424982,152.9291014,94.63427683,94.4036671,113.9890151
Hg,W,Hg-W,2.937257734,1.693367369,1.886035626,283.4023111,163.3851263,181.9747887,209.5874087
Hg,Y,Hg-Y,-1.313772026,-1.085286935,-1.041539316,-126.7597406,-104.7142789,-100.4932751,-110.6557649
Hg,Zn,Hg-Zn,0.469650569,0.402243054,0.429622848,45.31439481,38.8105578,41.45230651,41.85908637
Hg,Zr,Hg-Zr,-0.38172344,-0.264081724,-0.116075438,-36.83071589,-25.4800149,-11.19957805,-24.50343628
In,Ir,In-Ir,-0.473312035,0.688180495,0.29687392,-45.66767262,66.39932904,28.64398111,16.45854584
In,Mg,In-Mg,-0.217153193,-0.258345916,-0.179162711,-20.95209961,-24.92659357,-17.28657511,-21.05508943
In,Mn,In-Mn,0.90403591,1.101890405,1.058308686,87.22621215,106.3162704,102.1112734,98.55125198
In,Mo,In-Mo,1.320931004,0.67964724,0.469854019,127.450477,65.57599503,45.33402475,79.45349893
In,Nb,In-Nb,0.327608101,-0.170318534,-0.184762701,31.60937904,-16.43324164,-17.82689205,-0.883584884
In,Ni,In-Ni,0.17575295,0.369881105,0.175847762,16.95758314,35.68810418,16.96673115,23.20413949
In,Os,In-Os,0.475376281,1.897056845,2.105622916,45.86684212,183.0381747,203.161743,144.0222533
In,Pb,In-Pb,0.032222192,0.047815895,0.040961345,3.108969199,4.613532886,3.952169299,3.891557128
In,Pd,In-Pd,-1.492535086,-1.222316985,-1.422957061,-144.0077553,-117.9356699,-137.2944959,-133.079307
In,Pt,In-Pt,-1.276431555,-0.793571701,-1.15275193,-123.1569326,-76.56803541,-111.2236619,-103.6495433
In,Re,In-Re,1.26349662,2.066530766,1.934895109,121.908901,199.3899236,186.6890124,169.329279
In,Rh,In-Rh,-1.102490172,-0.397297119,-0.677043739,-106.3741391,-38.33334758,-65.32479533,-70.01076068
In,Ru,In-Ru,0.0857028,0.744461674,0.884623075,8.269063797,71.82963771,85.35315816,55.15061989
In,Sb,In-Sb,-0.215454994,-0.283309205,-0.253856547,-20.78824833,-27.33518497,-24.4934353,-24.20562286
In,Sc,In-Sc,-1.283757699,-1.065786714,-0.93829969,-123.863798,-102.8327934,-90.53216461,-105.7429187
In,Si,In-Si,0.034111172,0.206720335,0.178803928,3.291228076,19.94548181,17.25195774,13.49622254
In,Sn,In-Sn,0.003132405,0.00752747,0.014989126,0.302231161,0.726290502,1.446230943,0.824917535
In,Ta,In-Ta,0.864431006,0.37054369,0.443739776,83.40491954,35.75203391,42.81438318,53.99044555
In,Te,In-Te,-1.204813149,-1.296875048,-0.814108359,-116.2468063,-125.1294299,-78.54952179,-106.6419193
In,Ti,In-Ti,-0.348595494,-0.254463331,-0.134233415,-33.63435474,-24.55198103,-12.95155669,-23.71263082
In,V,In-V,1.00018932,0.499755865,0.535881006,96.5036066,48.21911455,51.70466109,65.47579408
In,W,In-W,2.182978303,1.254153185,1.191798014,210.6254037,121.0073965,114.9910366,148.8746123
In,Y,In-Y,-1.50684942,-1.203239561,-1.081108611,-145.3888786,-116.0949782,-104.3111319,-121.9316629
In,Zn,In-Zn,0.33766506,0.289159838,0.358479835,32.57972812,27.89968524,34.58804876,31.68915404
In,Zr,In-Zr,-0.906685468,-0.800594209,-0.591268014,-87.4818556,-77.24560443,-57.04869534,-73.92538513
Ir,Mg,Ir-Mg,-1.614316445,-0.762954151,-0.810496861,-155.7578711,-73.61389069,-78.20106523,-102.5242757
Ir,Mn,Ir-Mn,-1.266000279,-0.370264163,-0.737140955,-122.1504673,-35.72506361,-71.12329567,-76.33294221
Ir,Mo,Ir-Mo,-1.536676475,-1.243173569,-1.53990605,-148.2667522,-119.9480245,-148.5783588,-138.9310451
Ir,Nb,Ir-Nb,-2.494531268,-1.806538409,-1.924739596,-240.6856975,-174.3044726,-185.7091544,-200.2331081
Ir,Ni,Ir-Ni,-0.870000293,0.095041424,-0.06129646,-83.94227402,9.170104085,-5.914209784,-26.89545991
Ir,Os,Ir-Os,-1.892307056,-0.121287017,-0.122216243,-182.5798897,-11.70241912,-11.79207571,-68.69146151
Ir,Pb,Ir-Pb,0.238573874,2.028315291,1.411430588,23.01888132,195.7026905,136.1823601,118.3013106
Ir,Pd,Ir-Pd,-0.411403439,0.401911048,0.310465835,-39.69440066,38.77852407,29.95540165,9.679841684
Ir,Pt,Ir-Pt,-0.511217541,0.231496986,0.224733079,-49.32499828,22.33606543,21.68344751,-1.768495114
Ir,Re,Ir-Re,-1.804615744,-0.528985328,-0.895975846,-174.1189636,-51.03932918,-86.44853416,-103.8689423
Ir,Rh,Ir-Rh,-1.07831531,-0.100695251,-0.137483543,-104.0416193,-9.715615553,-13.26514634,-42.34079374
Ir,Ru,Ir-Ru,-1.696633679,-0.272688247,-0.31471665,-163.7002773,-26.31041827,-30.36554298,-73.4587462
Ir,Sb,Ir-Sb,-0.812196074,0.421955251,-0.066724623,-78.36501432,40.71249588,-6.437947888,-14.69682211
Ir,Sc,Ir-Sc,-3.720776343,-2.209054791,-2.500081413,-359.0003705,-213.1414026,-241.2212051,-271.1209927
Ir,Si,Ir-Si,-2.957459919,-1.6297665,-2.590367527,-285.3515258,-157.2485749,-249.9324916,-230.8441974
Ir,Sn,Ir-Sn,-0.316959795,0.510813473,0.248372764,-30.58197359,49.28601157,23.96433056,14.22278951
Ir,Ta,Ir-Ta,-2.753635964,-1.93881768,-2.205496748,-265.6855022,-187.0674831,-212.7981036,-221.8503629
Ir,Te,Ir-Te,-0.946809285,0.437242818,0.162799085,-91.35321578,42.18752191,15.70772507,-11.15265627
Ir,Ti,Ir-Ti,-3.62644676,-2.387878444,-2.523234159,-349.8989486,-230.3952635,-243.4551057,-274.583106
Ir,V,Ir-V,-2.386199888,-1.778330756,-2.017173816,-230.2333075,-171.5828476,-194.6277015,-198.8146189
Ir,W,Ir-W,-1.430422785,-1.271817443,-1.584229719,-138.0148288,-122.7117384,-152.8549431,-137.8605034
Ir,Y,Ir-Y,-2.982851053,-1.668255864,-2.166212394,-287.801398,-160.9622342,-209.0077393,-219.2571238
Ir,Zn,Ir-Zn,-1.4117366,-0.49687536,-0.479702735,-136.2118858,-47.94118805,-46.28428149,-76.81245179
Ir,Zr,Ir-Zr,-3.322106478,-1.93715689,-2.108296504,-320.534573,-186.9072412,-203.419705,-236.9538397
Mg,Mn,Mg-Mn,0.854103285,1.054087437,1.073069059,82.40844585,101.7039848,103.535433,95.88262121
Mg,Mo,Mg-Mo,1.042075955,0.360502945,0.624604705,100.5450528,34.78324922,60.26519733,65.19783312
Mg,Nb,Mg-Nb,0.920380394,0.187492913,0.504396745,88.80321522,18.09031741,48.66689144,51.85347469
Mg,Ni,Mg-Ni,-0.207286076,-0.069503673,-0.136272756,-20.00006754,-6.706085472,-13.14832322,-13.28482541
Mg,Os,Mg-Os,-0.812350366,0.789543646,0.949031384,-78.37990129,76.17938715,91.56761573,29.78903387
Mg,Pb,Mg-Pb,-0.116289579,-0.082582736,-0.061693627,-11.22023954,-7.968023385,-5.952530625,-8.380264518
Mg,Pd,Mg-Pd,-2.175582401,-2.014674623,-2.109725273,-209.9118077,-194.3865659,-203.5575602,-202.6186446
Mg,Pt,Mg-Pt,-2.649518556,-2.349097685,-2.521260861,-255.6396987,-226.6534888,-243.2647114,-241.852633
Mg,Re,Mg-Re,0.382827841,1.103949179,1.204612605,36.93727442,106.5149119,116.2274568,86.55988101
Mg,Rh,Mg-Rh,-1.61085685,-1.101105947,-1.091492351,-155.4240709,-106.2405817,-105.3130106,-122.3258877
Mg,Ru,Mg-Ru,-0.800758364,0.253323997,0.398168171,-77.26144298,24.44205203,38.41739138,-4.800666525
Mg,Sb,Mg-Sb,-0.974635899,-0.881013601,-1.077473682,-94.03807607,-85.00489686,-103.9604146,-94.33446251
Mg,Sc,Mg-Sc,-0.220984755,-0.04284592,0.061549674,-21.32178922,-4.134003159,5.938641199,-6.50571706
Mg,Si,Mg-Si,-0.514495258,-0.454231945,-0.460738219,-49.64124985,-43.82672365,-44.45448369,-45.9741524
Mg,Sn,Mg-Sn,-0.411300046,-0.390786635,-0.324031503,-39.6844248,-37.70518135,-31.26428969,-36.21796528
Mg,Ta,Mg-Ta,1.253698458,0.598139929,0.724536964,120.9635219,57.71173439,69.90719529,82.8608172
Mg,Te,Mg-Te,-3.690205266,-3.13352485,-3.009129526,-356.0507098,-302.3392106,-290.3368854,-316.2422686
Mg,Ti,Mg-Ti,0.391276996,0.467836894,0.609803048,37.75249402,45.13940176,58.83705437,47.24298338
Mg,V,Mg-V,1.335203961,0.846968044,0.981303335,128.8276082,81.71999967,94.68138592,101.7429979
Mg,W,Mg-W,1.558142938,0.652363873,1.008857398,150.3379511,62.94355004,97.33994901,103.5404834
Mg,Y,Mg-Y,-0.337807243,-0.041022984,0.017632576,-32.59344665,-3.958116535,1.701285115,-11.61675936
Mg,Zn,Mg-Zn,-0.259092001,-0.109401136,-0.117034984,-24.99857983,-10.55560583,-11.2921602,-15.61544862
Mg,Zr,Mg-Zr,0.142121926,0.141189636,0.241202651,13.71268238,13.62273006,23.27251981,16.86931075
Mn,Mo,Mn-Mo,0.233966705,0.067880266,0.022244785,22.57435708,6.549450568,2.146295644,10.42336776
Mn,Nb,Mn-Nb,0.072368974,0.131540844,0.209973181,6.982545038,12.69176303,20.25933378,13.31121395
Mn,Ni,Mn-Ni,-0.350432376,-0.266603179,-0.262274398,-33.81158697,-25.72329835,-25.30563442,-28.28017324
Mn,Os,Mn-Os,-1.335031936,-0.014760487,-0.070525048,-128.8110103,-1.424170655,-6.804633187,-45.67993804
Mn,Pb,Mn-Pb,1.742175733,1.768108736,1.758823305,168.0944179,170.5965726,169.7006646,169.463885
Mn,Pd,Mn-Pd,-0.466573791,-0.327514611,-0.349580192,-45.01753088,-31.60035862,-33.72936373,-36.78241775
Mn,Pt,Mn-Pt,-1.029430908,-0.811350799,-0.877206416,-99.32499112,-78.28345768,-84.63755932,-87.41533604
Mn,Re,Mn-Re,-0.463646411,0.174743366,0.224508436,-44.73508163,16.86017311,21.6617728,-2.07104524
Mn,Rh,Mn-Rh,-0.615419966,-0.020194332,-0.248114718,-59.37900469,-1.948457037,-23.93943288,-28.4222982
Mn,Ru,Mn-Ru,-0.838428716,-0.036963221,0.022237664,-80.89607975,-3.56640897,2.145608548,-27.43896006
Mn,Sb,Mn-Sb,0.424929821,0.433749007,0.251257702,40.99949828,41.85042046,24.24268485,35.69753453
Mn,Sc,Mn-Sc,0.344890692,0.71271215,0.551576252,33.27689573,68.76627411,53.21902226,51.75406403
Mn,Si,Mn-Si,-1.942000204,-1.698048961,-1.621344979,-187.3745499,-163.8368314,-156.4360215,-169.2158009
Mn,Sn,Mn-Sn,0.655698047,0.890412082,0.873954089,63.26524905,85.91171252,84.3237574,77.83357299
Mn,Ta,Mn-Ta,-0.093955958,0.050173181,0.104013844,-9.065372504,4.840976452,10.03581108,1.937138342
Mn,Te,Mn-Te,-0.414700456,-0.22728164,-0.186539328,-40.01251452,-21.92934631,-17.99831044,-26.64672376
Mn,Ti,Mn-Ti,-0.72297586,-0.13135319,0.053645853,-69.75657166,-12.6736572,5.176038318,-25.75139685
Mn,V,Mn-V,-0.778936306,-0.337951938,-0.3970294,-75.15593435,-32.60740759,-38.30751665,-48.6902862
Mn,W,Mn-W,0.275557922,0.03780614,-0.019749655,26.58729984,3.647738272,-1.905552178,9.443161979
Mn,Y,Mn-Y,1.000249505,0.894880071,1.176276574,96.50941357,86.34280793,113.4934452,98.78188889
Mn,Zn,Mn-Zn,-0.079670541,0.050374023,0.428449231,-7.68703926,4.860354688,41.33906975,12.83746173
Mn,Zr,Mn-Zr,0.33329812,0.589439957,0.512567798,32.15838243,56.87231471,49.45527821,46.16199178
Mo,Nb,Mo-Nb,-0.318791579,-0.544954052,-0.537117079,-30.75871386,-52.58007704,-51.82392396,-45.05423829
Mo,Ni,Mo-Ni,0.174588446,-0.348106875,-0.516265761,16.8452256,-33.58721019,-49.8120775,-22.18468737
Mo,Os,Mo-Os,-0.841813716,-0.578179395,-0.426722679,-81.22268263,-55.78583551,-41.17248274,-59.39366696
Mo,Pb,Mo-Pb,1.908049111,1.594274619,1.409929774,184.0987672,153.8241286,136.0375536,157.9868165
Mo,Pd,Mo-Pd,0.16422871,-0.731529331,-0.653906094,15.84566292,-70.58185625,-63.09235178,-39.2761817
Mo,Pt,Mo-Pt,-0.771137982,-1.536960211,-1.450890654,-74.40351043,-148.2941285,-139.989678,-120.8957723
Mo,Re,Mo-Re,-0.176913887,-0.149148639,0.082440904,-17.06959659,-14.39065712,7.954338628,-7.835305026
Mo,Rh,Mo-Rh,-0.773317177,-0.983107991,-1.190996605,-74.6137708,-94.85550879,-114.9137124,-94.79433065
Mo,Ru,Mo-Ru,-0.5216443,-0.56323299,-0.453743428,-50.33102764,-54.34372654,-43.77958888,-49.48478102
Mo,Sb,Mo-Sb,0.517375362,0.105961994,-0.029456369,49.91913776,10.22377899,-2.842107754,19.10026967
Mo,Sc,Mo-Sc,0.249553518,-0.050263911,-0.009807496,24.07825598,-4.849730567,-0.94627961,6.094081936
Mo,Si,Mo-Si,-1.446327097,-1.956421593,-1.991112264,-139.5493618,-188.7660025,-192.1131437,-173.4761693
Mo,Sn,Mo-Sn,1.362887684,0.439498594,0.463484019,131.4986815,42.40517125,44.71941313,72.87442198
Mo,Ta,Mo-Ta,-0.470886645,-0.519958282,-0.663684081,-45.43365804,-50.16835167,-64.03578423,-53.21259798
Mo,Te,Mo-Te,0.448143625,-0.167713787,-0.330169239,43.23929003,-16.18192181,-31.85649126,-1.59970768
Mo,Ti,Mo-Ti,-0.582815127,-0.475295232,-0.571868956,-56.23311573,-45.85902211,-55.17697068,-52.42303617
Mo,V,Mo-V,-0.401854265,-0.573281364,-0.700620124,-38.77304539,-55.3132473,-67.59957085,-53.89528785
Mo,W,Mo-W,0.008378423,0.017036509,-0.451256275,0.808394944,1.643773339,-43.53961512,-13.69581561
Mo,Y,Mo-Y,1.184026686,0.703517576,0.714491024,114.2412174,67.87913254,68.93790935,83.68608643
Mo,Zn,Mo-Zn,0.343007805,-0.25122523,-0.231061561,33.09522469,-24.23955173,-22.2940533,-4.479460114
Mo,Zr,Mo-Zr,0.070614652,-0.081976899,-0.094521517,6.813278755,-7.909568948,-9.119940753,-3.405410315
Nb,Ni,Nb-Ni,-0.384521079,-0.592292105,-0.667054955,-37.10064702,-57.14750513,-64.36102413,-52.86972543
Nb,Os,Nb-Os,-1.766577885,-0.85086348,-0.485477591,-170.4488679,-82.09585216,-46.84147045,-99.79539683
Nb,Pb,Nb-Pb,1.287801388,0.785398489,0.829740644,124.2539547,75.77944022,80.05780812,93.36373436
Nb,Pd,Nb-Pd,-0.901076226,-1.358693289,-1.289852176,-86.94064606,-131.0939839,-124.4518258,-114.1621519
Nb,Pt,Nb-Pt,-2.032542929,-2.29347088,-2.247479822,-196.1105955,-221.2863176,-216.8488548,-211.415256
Nb,Re,Nb-Re,-1.03878299,-0.271700741,-0.113986161,-100.22733,-26.2151384,-10.99799352,-45.8134873
Nb,Rh,Nb-Rh,-1.814953895,-1.615571561,-1.675082457,-175.1164436,-155.8789714,-161.6209004,-164.2054385
Nb,Ru,Nb-Ru,-1.511346596,-0.959612121,-0.68348808,-145.8227902,-92.58850179,-65.94657978,-101.4526239
Nb,Sb,Nb-Sb,-0.231195286,-0.98910173,-0.979596836,-22.3069558,-95.43381671,-94.51673381,-70.75250211
Nb,Sc,Nb-Sc,0.28034526,0.041656817,0.102792513,27.04920773,4.0192722,9.917970518,13.66215015
Nb,Si,Nb-Si,-2.128474713,-2.314900896,-2.277421959,-205.3666063,-223.354,-219.737832,-216.1528128
Nb,Sn,Nb-Sn,-0.163006529,-0.343703992,-0.523513946,-15.72774035,-33.16239658,-50.5114211,-33.13385267
Nb,Ta,Nb-Ta,0.022987054,-0.004270726,-0.470422883,2.217913697,-0.412062474,-45.38891176,-14.52768685
Nb,Te,Nb-Te,-0.300040019,-1.238494836,-1.181088449,-28.94946322,-119.4965954,-113.9577205,-87.46792638
Nb,Ti,Nb-Ti,-0.072189897,-0.193702556,-0.255716531,-6.965266805,-18.689457,-24.67289646,-16.77587342
Nb,V,Nb-V,0.283566771,-0.125787235,-0.230130344,27.36003634,-12.13662414,-22.20420446,-2.326930754
Nb,W,Nb-W,-0.173456751,-0.35338102,-0.425591096,-16.73603362,-34.09608786,-41.06330162,-30.6318077
Nb,Y,Nb-Y,0.91206378,0.537281439,0.691476018,88.00078391,51.83978229,66.71729865,68.85262162
Nb,Zn,Nb-Zn,-0.0417152,-0.466359355,-0.300734224,-4.024905255,-44.99684093,-29.01644383,-26.01273
Nb,Zr,Nb-Zr,0.109820389,0.02728266,-0.071347934,10.59605755,2.632376726,-6.884029646,2.114801543
Ni,Os,Ni-Os,-1.104105942,0.288788125,0.317533359,-106.5300373,27.86382043,30.63731408,-16.00963425
Ni,Pb,Ni-Pb,0.568951162,1.05693996,0.817535997,54.89544636,101.9792114,78.88023868,78.58496548
Ni,Pd,Ni-Pd,0.136335672,0.172560075,0.137964625,13.15439372,16.64951751,13.31156375,14.37182499
Ni,Pt,Ni-Pt,-0.178141125,-0.162434991,-0.193678341,-17.18800701,-15.67259536,-18.68712061,-17.18257433
Ni,Re,Ni-Re,-0.362345229,0.047057749,0.01647403,-34.96100259,4.540382888,1.589502386,-9.61037244
Ni,Rh,Ni-Rh,-0.210037504,0.163024017,0.156743016,-20.26553996,15.72942776,15.12340322,3.529097003
Ni,Ru,Ni-Ru,-0.684143167,0.256743816,0.261875338,-66.00978612,24.7720144,25.26713098,-5.323546915
Ni,Sb,Ni-Sb,-0.290184671,-0.242666781,-0.407550494,-27.99856667,-23.4137869,-39.32264796,-30.24500051
Ni,Sc,Ni-Sc,-1.277880868,-1.029020608,-0.937400651,-123.29677,-99.28540318,-90.44542055,-104.3425312
Ni,Si,Ni-Si,-2.234363085,-1.859236611,-2.060922941,-215.5832819,-179.3890766,-198.8488507,-197.9404031
Ni,Sn,Ni-Sn,0.166074196,0.131728262,-0.161796466,16.02372529,12.70984619,-15.61098706,4.374194809
Ni,Ta,Ni-Ta,-0.52761815,-0.585723126,-0.779753783,-50.90741659,-56.51369498,-75.23480882,-60.8853068
Ni,Te,Ni-Te,-0.763720759,-0.332758689,-0.484152185,-73.68785707,-32.10633522,-46.71358818,-50.83592683
Ni,Ti,Ni-Ti,-1.389212337,-0.986296388,-0.947810876,-134.0386247,-95.16314229,-91.44985465,-106.8838739
Ni,V,Ni-V,-0.582797669,-0.771869412,-0.798707835,-56.23143122,-74.4740827,-77.06359702,-69.25637031
Ni,W,Ni-W,0.323070621,-0.315567861,-0.492532584,31.17157874,-30.44767239,-47.5221738,-15.59942248
Ni,Y,Ni-Y,-0.665812475,-0.626329358,-0.798442089,-64.24114303,-60.43160101,-77.0379564,-67.23690015
Ni,Zn,Ni-Zn,-0.800136074,-0.607776706,-0.650401985,-77.20140112,-58.64154215,-62.75425666,-66.19906664
Ni,Zr,Ni-Zr,-0.959583785,-0.736478304,-0.706459911,-92.58576775,-71.05935954,-68.16302473,-77.26938401
Os,Pb,Os-Pb,0.834653811,3.218833942,2.579641051,80.53185676,310.5702873,248.8975439,213.3332293
Os,Pd,Os-Pd,-0.586336144,0.579954015,0.719283307,-56.57284218,55.95706032,69.40029448,22.92817087
Os,Pt,Os-Pt,-0.884170697,0.128536606,0.380417506,-85.30951037,12.40189816,36.70471243,-12.06763326
Os,Re,Os-Re,-1.598134322,-0.109121205,-0.283291705,-154.1965335,-10.52859657,-27.33349648,-64.01954217
Os,Rh,Os-Rh,-1.439835821,-0.02296262,0.026382201,-138.9230488,-2.215556198,2.545495658,-46.1977031
Os,Ru,Os-Ru,-1.978922769,-0.01564617,-0.026354313,-190.9370362,-1.509626032,-2.542804802,-64.996489
Os,Sb,Os-Sb,0.07942747,1.907578214,1.291434532,7.663586448,184.0533325,124.6045,105.440473
Os,Sc,Os-Sc,-2.054757372,-0.475646805,-0.103754126,-198.2539637,-45.8929437,-10.01075215,-84.71921985
Os,Si,Os-Si,-2.613250674,-1.084251227,-1.0015375,-252.1403798,-104.6143483,-96.63368621,-151.1294714
Os,Sn,Os-Sn,-0.124486833,2.083688836,2.094129314,-12.01115436,201.0454258,202.0527788,130.3623501
Os,Ta,Os-Ta,-2.037382869,-1.01087428,-0.761328267,-196.5775788,-97.5345486,-73.45701674,-122.523048
Os,Te,Os-Te,-0.143644399,1.832163963,1.758320741,-13.85957865,176.7769629,169.6521745,110.8565196
Os,Ti,Os-Ti,-2.961838939,-1.256885274,-0.816790905,-285.774037,-121.271003,-78.80834818,-161.9511294
Os,V,Os-V,-2.35468791,-0.9785612,-0.742227616,-227.1928636,-94.41681009,-71.61408391,-131.0745859
Os,W,Os-W,-0.748479649,-0.666885349,-0.492176396,-72.21731339,-64.34465962,-47.48780693,-61.34992665
Os,Y,Os-Y,-0.839295357,-0.084849969,0.462208894,-80.97969793,-8.186778084,44.59638226,-14.85669792
Os,Zn,Os-Zn,-0.999935029,0.57690339,0.745624469,-96.47907123,55.66271973,71.94183038,10.37515963
Os,Zr,Os-Zr,-2.023277968,-0.503007206,-0.275535618,-195.2166626,-48.53282132,-26.58514774,-90.11154389
Pb,Pd,Pb-Pd,-0.484425175,-0.389938014,-0.549297155,-46.73992771,-37.62330184,-52.99912276,-45.78745077
Pb,Pt,Pb-Pt,-0.186645965,-0.069412564,-0.397554505,-18.00859939,-6.697294814,-38.35818158,-21.0213586
Pb,Re,Pb-Re,1.575357786,3.317578566,2.69987687,151.9989316,320.0976959,260.4985378,244.1983884
Pb,Rh,Pb-Rh,0.238304436,0.69845198,0.400431258,22.99288456,67.39037676,38.63574603,43.00633578
Pb,Ru,Pb-Ru,0.415919414,1.886619465,1.75127807,40.13012605,182.0311205,168.97266,130.3779689
Pb,Sb,Pb-Sb,-0.25978691,-0.254827188,-0.243226561,-25.06562834,-24.58708783,-23.46779746,-24.37350454
Pb,Sc,Pb-Sc,-1.161333769,-0.885112389,-1.035439345,-112.0516835,-85.40036977,-99.90471725,-99.11892352
Pb,Si,Pb-Si,0.060755189,0.368588936,0.449893922,5.861985043,35.56342883,43.40816808,28.27786065
Pb,Sn,Pb-Sn,0.020941502,0.03370124,0.053152234,2.020547989,3.2516756,5.128411345,3.466878311
Pb,Ta,Pb-Ta,1.97772106,1.511438369,1.478316714,190.8210889,145.8316449,142.6358908,159.7628749
Pb,Te,Pb-Te,-1.284253584,-1.191930427,-1.097593975,-123.9116437,-115.0038126,-105.9017279,-114.9390614
Pb,Ti,Pb-Ti,0.311932722,0.521924885,0.56776639,30.09693479,50.35809998,54.78113318,45.07872265
Pb,V,Pb-V,2.051136563,1.339336751,1.148381607,197.9046086,129.2263618,110.8019898,145.9776534
Pb,W,Pb-W,2.597641845,2.380921481,2.119371531,250.6343566,229.7240186,204.4882828,228.2822193
Pb,Y,Pb-Y,-1.611888333,-1.222052751,-1.533544844,-155.5235938,-117.9101752,-147.9645957,-140.4661216
Pb,Zn,Pb-Zn,0.453023842,0.434375499,0.533392498,43.71015947,41.91086768,51.46455647,45.69519454
Pb,Zr,Pb-Zr,-0.419536945,-0.155371696,-0.038754396,-40.47916478,-14.99109094,-3.739231099,-19.73649561
Pd,Pt,Pd-Pt,-0.114519976,-0.089797948,-0.070329801,-11.04949885,-8.664185496,-6.785794786,-8.833159709
Pd,Re,Pd-Re,0.12560007,0.091833869,0.207194256,12.11856546,8.86062205,19.99120826,13.65679859
Pd,Rh,Pd-Rh,-0.085431613,0.253207885,0.240185007,-8.242898179,24.43084887,23.17433211,13.12076094
Pd,Ru,Pd-Ru,-0.382536313,0.353662441,0.462775432,-36.90914617,34.12324089,44.65104495,13.95504655
Pd,Sb,Pd-Sb,-1.412067005,-1.345531534,-1.594889315,-136.2437651,-129.8240675,-153.8834378,-139.9837568
Pd,Sc,Pd-Sc,-2.891365684,-2.511075313,-2.598681704,-278.9744011,-242.2819553,-250.7346877,-257.330348
Pd,Si,Pd-Si,-1.97437264,-1.946762299,-2.40784381,-190.4980155,-187.8340223,-232.3216287,-203.5512221
Pd,Sn,Pd-Sn,-1.482321205,-1.19068664,-1.368232696,-143.0222655,-114.8838053,-132.0143969,-129.9734892
Pd,Ta,Pd-Ta,-0.987954806,-1.337709338,-1.388695899,-95.32315539,-129.0693402,-133.9887959,-119.4604305
Pd,Te,Pd-Te,-1.39093131,-1.262718865,-1.320101583,-134.2044804,-121.833859,-127.37045,-127.8029298
Pd,Ti,Pd-Ti,-2.10664115,-1.846086152,-1.79789808,-203.2599876,-178.1202501,-173.4708075,-184.9503484
Pd,V,Pd-V,-0.573469882,-1.00383878,-0.998531956,-55.33143659,-96.85572599,-96.3436953,-82.8436193
Pd,W,Pd-W,0.438058166,-0.635343019,-0.52854313,42.26619111,-61.30128718,-50.9966636,-23.34391989
Pd,Y,Pd-Y,-2.644864196,-2.613997803,-2.529985303,-255.1906212,-252.2124667,-244.1064921,-250.5031934
Pd,Zn,Pd-Zn,-1.766964544,-1.612465766,-1.651300005,-170.4861748,-155.5793077,-159.3262424,-161.7972416
Pd,Zr,Pd-Zr,-2.212564075,-1.881145605,-1.857031298,-213.479997,-181.5029733,-179.1762961,-191.3864222
Pt,Re,Pt-Re,-0.469079879,-0.53578264,-0.416969748,-45.25933159,-51.69517019,-40.23146786,-45.72865654
Pt,Rh,Pt-Rh,-0.306054171,-0.061477415,-0.017452374,-29.52974077,-5.931669289,-1.683898215,-12.38176943
Pt,Ru,Pt-Ru,-0.575978411,-0.204454839,0.041410281,-55.57347284,-19.72689463,3.995485066,-23.76829414
Pt,Sb,Pt-Sb,-1.036134491,-0.986856399,-1.289534219,-99.97178867,-95.21717516,-124.4211475,-106.5367038
Pt,Sc,Pt-Sc,-4.081026299,-3.483262172,-3.703191774,-393.75921,-336.083735,-357.3037174,-362.3822208
Pt,Si,Pt-Si,-2.549112581,-2.492204802,-2.745329974,-245.9519941,-240.4612277,-264.8840959,-250.4324392
Pt,Sn,Pt-Sn,-0.973066214,-1.185459666,-1.498430331,-93.88662448,-114.379479,-144.57656,-117.6142211
Pt,Ta,Pt-Ta,-2.160970286,-2.305542744,-2.390890704,-208.5019528,-222.4510755,-230.6859025,-220.5463103
Pt,Te,Pt-Te,-1.289147246,-0.727005521,-0.805338541,-124.3838104,-70.1453749,-77.70336297,-90.74418274
Pt,Ti,Pt-Ti,-3.34901408,-2.923706068,-2.937731084,-323.1307622,-282.094774,-283.4479824,-296.2245062
Pt,V,Pt-V,-1.726724939,-1.996762987,-2.031151042,-166.6036428,-192.6583557,-195.9762989,-185.0794325
Pt,W,Pt-W,-0.50596107,-1.443986313,-1.405966879,-48.81782587,-139.3235103,-135.6551923,-107.9321762
Pt,Y,Pt-Y,-3.723701465,-3.699690004,-3.689247491,-359.2826019,-356.9658479,-355.9582985,-357.4022495
Pt,Zn,Pt-Zn,-1.787987441,-1.555551951,-1.656797381,-172.5145762,-150.0879589,-159.8566586,-160.8197312
Pt,Zr,Pt-Zr,-3.373810274,-2.83328325,-2.881989476,-325.5232314,-273.3702977,-278.0697345,-292.3210878
Re,Rh,Re-Rh,-1.119155357,-0.356244914,-0.547927189,-107.9820852,-34.37241163,-52.8669411,-65.07381264
Re,Ru,Re-Ru,-1.255576199,-0.14099996,-0.254917965,-121.1446964,-13.60442908,-24.59584653,-53.11499068
Re,Sb,Re-Sb,0.529473553,1.816724164,1.556792892,51.08643573,175.2872486,150.2076915,125.5271253
Re,Sc,Re-Sc,-0.793183535,0.391067441,0.419657911,-76.53058306,37.73227503,40.49083625,0.564176075
Re,Si,Re-Si,-1.491111486,-0.920054593,-0.824210371,-143.8703987,-88.77178018,-79.5242179,-104.0554656
Re,Sn,Re-Sn,0.746051831,2.06530336,2.110126444,71.9830646,199.2714969,203.5962674,158.2836096
Re,Ta,Re-Ta,-1.298783918,-0.390509008,-0.343702,-125.3136079,-37.67839436,-33.16220433,-65.38473552
Re,Te,Re-Te,0.790528277,1.411758165,1.345939051,76.27438963,136.2139665,129.863387,114.1172477
Re,Ti,Re-Ti,-1.948160034,-0.506495669,-0.440091452,-187.9688832,-48.86940681,-42.46237343,-93.10022115
Re,V,Re-V,-1.536818154,-0.498091025,-0.42743198,-148.2804221,-48.0584819,-41.24091992,-79.19327463
Re,W,Re-W,-0.15625651,-0.23184773,-0.012867793,-15.07646249,-22.36990706,-1.241553334,-12.8959743
Re,Y,Re-Y,0.517398985,1.334595584,1.077713813,49.92141698,128.7689087,103.9835836,94.22463642
Re,Zn,Re-Zn,0.033901295,0.74466268,0.680751365,3.270977975,71.84903187,65.68252691,46.93417892
Re,Zr,Re-Zr,-0.915839734,0.16942216,0.378022371,-88.3651081,16.34675471,36.47361702,-11.84824546
Rh,Ru,Rh-Ru,-1.095582261,-0.059516644,-0.063379322,-105.707627,-5.742483608,-6.11517548,-39.18842869
Rh,Sb,Rh-Sb,-1.598023004,-1.369017482,-1.085329815,-154.1857928,-132.0901173,-104.7184162,-130.3314421
Rh,Sc,Rh-Sc,-3.30796984,-2.351144582,-2.524749446,-319.1705947,-226.8509844,-243.6013087,-263.2076293
Rh,Si,Rh-Si,-3.58679722,-2.50949431,-3.124538361,-346.0733493,-242.1294117,-301.4721461,-296.5583024
Rh,Sn,Rh-Sn,-1.461546586,-0.386172984,-0.892630474,-141.0178193,-37.26003164,-86.12575475,-88.13453523
Rh,Ta,Rh-Ta,-2.055678375,-1.725869209,-1.93429378,-198.3428269,-166.5210774,-186.630993,-183.8316325
Rh,Te,Rh-Te,-1.425330926,-0.755291685,-0.9067921,-137.523539,-72.87457503,-87.49214408,-99.29675271
Rh,Ti,Rh-Ti,-2.928597686,-2.147583745,-2.223906883,-282.5667435,-207.2103478,-214.5744117,-234.7838343
Rh,V,Rh-V,-1.629916444,-1.415622983,-1.59943566,-157.2630422,-136.5868648,-154.3220935,-149.3906668
Rh,W,Rh-W,-0.671268017,-1.04621385,-1.248286915,-64.7675229,-100.944299,-120.4413874,-95.38440311
Rh,Y,Rh-Y,-2.697364632,-2.448338703,-2.219071562,-260.2561437,-236.2287921,-214.1078742,-236.86427
Rh,Zn,Rh-Zn,-1.512527809,-1.050725648,-0.967957696,-145.9367599,-101.3796213,-93.39372743,-113.5700362
Rh,Zr,Rh-Zr,-2.767122062,-1.931547791,-2.016142201,-266.986713,-186.3660454,-194.5281658,-215.9603081
Ru,Sb,Ru-Sb,-0.610653301,0.460503886,0.362134546,-58.91909139,44.43187404,34.94067482,6.817819155
Ru,Sc,Ru-Sc,-2.033811061,-0.916209722,-0.694733585,-196.2329517,-88.40080659,-67.03160616,-117.2217882
Ru,Si,Ru-Si,-2.998724629,-2.017033967,-2.027480491,-289.3329654,-194.6142081,-195.6221445,-226.523106
Ru,Sn,Ru-Sn,-0.142870906,0.767510527,0.624382636,-13.78494797,74.0535142,60.24377095,40.17077906
Ru,Ta,Ru-Ta,-1.77776955,-1.102374406,-0.964939686,-171.5286995,-106.3629694,-93.10253371,-123.6647342
Ru,Te,Ru-Te,-1.068660799,0.294122108,0.677875186,-103.1101005,28.37847154,65.40501782,-3.108870382
Ru,Ti,Ru-Ti,-2.647940739,-1.398899588,-1.105064641,-255.4874625,-134.9733023,-106.6225376,-165.6944341
Ru,V,Ru-V,-1.874256881,-0.954414209,-0.799066598,-180.8383124,-92.08697943,-77.09821234,-116.6745014
Ru,W,Ru-W,-0.484097559,-0.6709342,-0.53325209,-46.70831755,-64.7353144,-51.45100921,-54.29821372
Ru,Y,Ru-Y,-1.000996957,-0.38750015,-0.21794937,-96.58153178,-37.38808372,-21.02891907,-51.66617819
Ru,Zn,Ru-Zn,-1.144335703,-0.138090677,0.066327026,-110.4116193,-13.32372597,6.399585679,-39.11191987
Ru,Zr,Ru-Zr,-1.946978901,-0.759785175,-0.719300101,-187.8549213,-73.30813094,-69.40191483,-110.1883223
Sb,Sc,Sb-Sc,-2.921634777,-2.629060546,-2.84010394,-281.8949249,-253.6658007,-274.0283943,-269.8630399
Sb,Si,Sb-Si,0.102150239,-0.230307959,-0.300445235,9.856000517,-22.2213417,-28.98856065,-13.78463395
Sb,Sn,Sb-Sn,-0.253288685,-0.227672427,-0.249164315,-24.43864489,-21.96705158,-24.04070365,-23.48213337
Sb,Ta,Sb-Ta,0.479010527,-0.292677162,-0.375935865,46.21749361,-28.23905553,-36.27229975,-6.097953892
Sb,Te,Sb-Te,-0.608268689,-1.207327881,-0.695100065,-58.68901125,-116.4894411,-67.06696611,-80.74847282
Sb,Ti,Sb-Ti,-1.497844517,-1.212647946,-1.388497068,-144.5200375,-117.0027494,-133.9696116,-131.8307995
Sb,V,Sb-V,0.468295058,-0.246376101,-0.375751488,45.18360784,-23.7716819,-36.25451003,-4.947528027
Sb,W,Sb-W,1.242358266,0.920141896,0.428131939,119.8693597,88.78020371,41.30845568,83.3193397
Sb,Y,Sb-Y,-3.418401346,-2.914935164,-3.349577359,-329.8256161,-281.2485104,-323.1851103,-311.4197456
Sb,Zn,Sb-Zn,-0.096516332,-0.081566885,-0.117730609,-9.312411157,-7.870008632,-11.35927781,-9.513899201
Sb,Zr,Sb-Zr,-2.237853406,-1.956672434,-2.05021945,-215.9200468,-188.790205,-197.8161207,-200.8421242
Sc,Si,Sc-Si,-2.981613464,-2.393452217,-3.21381052,-287.6819888,-230.933051,-310.0856007,-276.2335468
Sc,Sn,Sc-Sn,-2.067606223,-1.743908569,-2.027795149,-199.4936894,-168.2616112,-195.6525044,-187.8026016
Sc,Ta,Sc-Ta,0.552276261,0.29322492,0.244326641,53.28656284,28.2919061,23.57393905,35.05080267
Sc,Te,Sc-Te,-3.848499499,-4.014101335,-3.79950846,-371.3237826,-387.3019321,-366.5968656,-375.0741934
Sc,Ti,Sc-Ti,0.182899227,0.292152845,0.277917153,17.64709415,28.18846658,26.81493095,24.21683056
Sc,V,Sc-V,0.779648442,0.47376699,0.575517307,75.22464506,45.71156911,55.52898309,58.82173242
Sc,W,Sc-W,0.665342915,0.364495993,0.273894015,64.19583737,35.16851977,26.42675716,41.93037143
Sc,Y,Sc-Y,-0.041387814,0.118035027,0.120084027,-3.993317282,11.38864976,11.58634822,6.3272269
Sc,Zn,Sc-Zn,-0.978094416,-0.731719601,-0.604245049,-94.3717723,-70.60021451,-58.30078897,-74.4242586
Sc,Zr,Sc-Zr,-0.101540794,-0.074979118,-0.070907082,-9.797198009,-7.234385645,-6.841493963,-7.957692539
Si,Sn,Si-Sn,0.284078815,0.148277447,0.065810725,27.40944105,14.30659994,6.349770177,16.02193706
Si,Ta,Si-Ta,-1.769053767,-1.925007425,-2.049099961,-170.6877542,-185.7349959,-197.7081065,-184.7102855
Si,Te,Si-Te,-1.014292403,-0.425419155,-0.806298359,-97.86434731,-41.04671181,-77.79597129,-72.2356768
Si,Ti,Si-Ti,-3.032783459,-2.534969556,-2.735013656,-292.6191432,-244.5873995,-263.8887225,-267.0317551
Si,V,Si-V,-2.239317149,-2.285888881,-2.407426805,-216.0612765,-220.5547659,-232.2813938,-222.9658121
Si,W,Si-W,-0.649287534,-1.403232711,-1.467074505,-62.64672845,-135.3913852,-141.5511824,-113.196432
Si,Y,Si-Y,-2.905608862,-2.160225236,-3.090497754,-280.348659,-208.4300664,-298.1877265,-262.3221506
Si,Zn,Si-Zn,0.067530186,0.129117795,0.037613823,6.515672981,12.45797435,3.629182453,7.534276595
Si,Zr,Si-Zr,-2.919937388,-2.345461778,-2.860116443,-281.7311516,-226.3026771,-275.9593074,-261.3310454
Sn,Ta,Sn-Ta,0.443202525,0.242496532,0.290698309,42.76254631,23.39736039,28.04812516,31.40267729
Sn,Te,Sn-Te,-0.927216609,-1.281712341,-0.807928426,-89.46280975,-123.666451,-77.9532489,-97.02750323
Sn,Ti,Sn-Ti,-0.988521753,-0.657821292,-0.732233777,-95.37785739,-63.47011107,-70.64982498,-76.49926448
Sn,V,Sn-V,0.60347424,0.170264338,0.048630734,58.22641723,16.42801249,4.69215288,26.44886087
Sn,W,Sn-W,2.308072348,1.185704894,1.132839899,222.6951452,114.4031398,109.3024428,148.8002426
Sn,Y,Sn-Y,-2.366595968,-1.908337571,-2.034087719,-228.3418166,-184.1265994,-196.2596451,-202.9093537
Sn,Zn,Sn-Zn,0.235715486,0.278061152,0.348360754,22.74308883,26.82882484,33.61170577,27.72787315
Sn,Zr,Sn-Zr,-1.618666262,-1.290327005,-1.113042404,-156.1775647,-124.4976398,-107.3922748,-129.3558264
Ta,Te,Ta-Te,0.273324479,-0.41506347,-0.789693445,26.37180526,-40.04754002,-76.19384054,-29.9565251
Ta,Ti,Ta-Ti,0.045706719,-0.036661986,-0.135780024,4.410028299,-3.537344208,-13.10078176,-4.076032555
Ta,V,Ta-V,0.238698857,-0.027555511,-0.272643391,23.03094042,-2.658702872,-26.3060903,-1.977950917
Ta,W,Ta-W,-0.298621717,-0.313361118,-0.494579282,-28.81261794,-30.23475396,-47.71965023,-35.58900738
Ta,Y,Ta-Y,1.264769344,1.034840599,0.999732413,122.0317002,99.84694702,96.45952173,106.112723
Ta,Zn,Ta-Zn,0.197147031,-0.052750019,-0.041200179,19.02179834,-5.089603494,-3.975213255,3.318993864
Ta,Zr,Ta-Zr,0.29264477,0.242446179,0.062675285,28.23593013,23.39250199,6.047246183,19.2252261
Te,Ti,Te-Ti,-1.727060014,-2.078613685,-2.03251295,-166.6359726,-200.5557481,-196.107703,-187.7664746
Te,V,Te-V,-0.401988835,-0.692031584,-0.723123533,-38.78602942,-66.77090265,-69.7708199,-58.44258399
Te,W,Te-W,1.454655891,0.808365818,0.784107712,140.3529683,77.99545075,75.65489924,98.00110608
Te,Y,Te-Y,-4.645814545,-4.040489945,-4.39982659,-448.252996,-389.8480461,-424.5187645,-420.8732688
Te,Zn,Te-Zn,-1.338782548,-0.749075612,-0.916812889,-129.1728893,-72.27481516,-88.45900329,-96.63556924
Te,Zr,Te-Zr,-2.409745795,-2.858468791,-2.767178823,-232.5051423,-275.8003332,-266.9921895,-258.432555
Ti,V,Ti-V,0.032854513,0.04895745,0.00637205,3.169978809,4.723676209,0.614809411,2.83615481
Ti,W,Ti-W,-0.317918975,-0.205132175,-0.43967174,-30.6745204,-19.79224765,-42.42187732,-30.96288179
Ti,Y,Ti-Y,0.633453663,0.850741429,0.894141525,61.118992,82.08407601,86.27154905,76.49153902
Ti,Zn,Ti-Zn,-0.674279901,-0.446762021,-0.321711897,-65.05812553,-43.10598552,-31.04048181,-46.40153095
Ti,Zr,Ti-Zr,0.018176589,0.151919821,0.186176416,1.753774346,14.65803561,17.96329482,11.45836826
V,W,V-W,-0.257845691,-0.409147332,-0.566632745,-24.87832919,-39.47671949,-54.67175306,-39.67560058
V,Y,V-Y,1.486506531,0.793675689,1.081617385,143.4260881,76.57806868,104.3602211,108.1214593
V,Zn,V-Zn,0.107834461,-0.251762832,-0.102308201,10.40444466,-24.29142249,-9.871241582,-7.919406473
V,Zr,V-Zr,0.609184649,0.451782123,0.458871086,58.77738796,43.5903517,44.27433277,48.88069081
W,Y,W-Y,1.793316408,1.353386778,1.08343144,173.0287433,130.5819834,104.5352509,136.0486592
W,Zn,W-Zn,0.903879434,0.093247865,0.130115999,87.21111448,8.997051959,12.55428638,36.25415094
W,Zr,W-Zr,0.418331398,0.370699895,0.11287987,40.36284712,35.76710541,10.89125264,29.00706839
Y,Zn,Y-Zn,-0.83916243,-0.745043591,-0.6423843,-80.96687237,-71.88578422,-61.9806676,-71.61110806
Y,Zr,Y-Zr,0.233208517,0.335134675,0.316537267,22.5012031,32.33558306,30.54120588,28.45933068
Zn,Zr,Zn-Zr,-0.744750946,-0.508328911,-0.350477734,-71.85754826,-49.04628783,-33.8159633,-51.57326647
